Resource ID(s),itemTitle,rightsStatement,publisher,digitizationNomination,originalCarrierLocation,channelConfigurationPhysical,physicalFormat,durationPhysical,proxyFilename,preservationFilename,filesize,channelConfigurationDigital,encoding,sampleRate,bitDepth,checksumString,checksumType,assetIdentifier,date,dateType,contributor,Subject,description,epsIdentifier,rightsSummary,ancillaryMaterials,coverageTemporal,coverageSpatial,generations,Genre,dispositionNomination,fileLocation,relatedInstantiationID,durationDigital,condition,dateDigitized,digitalQC,identifier2,identifierSource2,instantiationTimeStart,intellectualAssetType
132,Ilahee Lecture #1 with Earl Blumenauer,,KBOO,digitized in house,KBOO Archives Room,Mono,Minidisc,01:43:10,kboo_MD-187_20060125.mp3,kboo_MD-187_20060125.wav,521 MB,mono,wav,44.1 kHz,16 bits,8C929F909C8EEB6307D2A47D168094B1,md5,MD-187,2006-01-25,unknown,Ames Howard Kunstler,Energy/Natural Resources,"The first 10ish minutes are just background noise. This is a lecture series about oil and water. Earl Blumenauer speaks about agriculture among various other subjects. Then Jim Kuntsler speaks about how the world is changing and how it will look in a decade or so. Talking about depression, rebuilding the railroad system, Arizona drying up a disappearing, cars becoming obsolete or much less viable for most people. This is all about oil and what will happen when there is no more oil.",,,,,,,,,,,,,,,,,,
131,Powell's Bookstore: John Perkins speaks on Confessions of an Economic Hitman (2004),,KBOO,digitized in house,KBOO Archives Room,Mono,Minidisc,01:07:41,kboo_MD-186_20060122.mp3,kboo_MD-186_20060122.wav,342 MB,mono,wav,44.1 kHz,16 bits,32C9765A7D263DD10BDD2DB0DDDF7414,md5,MD-186,2006-01-22,unknown,John Perkins,"Economy, Corporations","Author John Perkins speaks about his new book, Confessions of an Economic Hitman. The book is about world history from WWII to Post 9/11. Perkins focuses on four points 1. since WWII we have created a world government (corporatetocracy) 2. blended with 1. 3. In the process of building the empire America has gone against all of its own principles. 4. Today we live in a highly connected world where all resources for peace are in our hands. This speech is focused on how to turn the world around. Thinks everyone deserves equal opportunity. Talks about economic hitmen will loan money to third world countries, then when the country cannot repay the loan, the hitmen go in and ask for favors. Gives various examples throughout the talk. Including the CIA working with Saddam Hussein.",,,,,,,,,,,,,,,,,,
130,Richard Heinberg at the First Unitarian Church,,KBOO,digitized in house,KBOO Archives Room,Stereo,Minidisc,01:36:42,kboo_MD-185_20060120.mp3,kboo_MD-185_20060120.wav,976 MB,stereo,wav,44.1 kHz,16 bits,929294A1AD460FEAA9753683FDFB9160,md5,MD-185,2006-01-20,unknown,Richard Heinberg,"Activism, Environment/Climate","Heinberg talks about natural oil, capitalism, science and how they all effect nature and our coming future. He talks about fossil fuels and the Industrial Revolution and how it became hell on the environment. http://kboo.fm/audio/by/title/richard_heinberg_options_and_actions_for_a_post-carbon_world",,,,,,,,,,,,,,,,,,
129,The Destruction of the Trade Towers,,KBOO,digitized in house,KBOO Archives Room,Stereo,Minidisc,00:28:23,kboo_MD-184_20051015.mp3,kboo_MD-184_20051015.wav,287 MB,stereo,wav,44.1 kHz,16 bits,BE117A60147F74770085A3415C629ACA,md5,MD-184,2005-10-15,unknown,"David Ray Griffin, Mel Reslor","Activism, Government/Politics",Part 1. Griffin continues his speech about the destruction of the Twin Towers and the government knowledge of the tragedy.,eps00125,,,,,,,,,,,,,,,,,
128,"Howard Lyman at the First Unitarian Church of Portland, Oregon",,KBOO,digitized in house,KBOO Archives Room,Mono,Minidisc,01:07:22,kboo_MD-183_20040428.mp3,kboo_MD-183_20040428.wav,340 MB,mono,wav,44.1 kHz,16 bits,149C6F0F23558E07F9359D65D37B4683,md5,MD-183,2004-04-28,unknown,Howard Lyman,"Activism, Food, Agriculture","Howard Lyman at the First Unitarian Church speaks about a healthier environment for our children and grandchildren. He begins by talking about how people should be vegetarian. Talks about how we are in crisis with food and how if we keep going at this rate there will be nothing left for future generations. He talks about the changing landscape of the west and how it affects the animals living there. He talks about his past struggles in college and how he wanted to be a farmer but did not know what he was doing. He originally wanted to run the farm like an agri-business?? he was successful (called himself the Trump of agriculture). Then he was paralyzed from the waist down from a tumor and it changed his life. He became a vegan and tried to regain the farm that he grew up on. Thinks we as a country need to change the way people are taught, he wants to show them and not just yell at them. Talks about mad cow disease and its origins. Talks about how he was being sued along with Oprah for food disparagement. But the FDA banned the practice the were being sued for. The case was eventually dismissed after 6 years and a transfer to a federal court. Says that the lawsuit was beneficial to the cause. He later talks about how cancer can be caused by eating meat and dairy and the first thing out of your diet should be dairy and then chicken.",,,,,,,,,,,,,,,,,,
127,Antonia Johasz and Greg Palast Speak about Globablization and the George W. Bush Administration,,,digitized in house,KBOO Archives Room,Mono,Minidisc,01:08:42,kboo_MD-182_20040427.mp3,kboo_MD-182_20040427.wav,347 MB,mono,wav,44.1 kHz,16 bits,65D8F9EAE099BBE4D110F7518E76B183,md5,MD-182,2004-04-27,unknown,"Antonia Juhasz, Greg Palast","Activism, Energy/Natural Resources","Antonia Johasz of the International forum on Globalization gives a technical lecture on corporate globalization. She begins by giving a brief history of herself and talking about how she is an activist. She begins talking about the economic agenda of the middle east placed there by the Bush presidency. They wanted to make Iraq a marketable place to do business, by letting foreign controlled businesses control oil and water. Bush wanted a Middle East free trade agreement by 2015. Says that it is in everyone in the U.S. best interest is to not re-elect Bush. Next to speak is Greg Palast who starts with a few Bush family jokes about supporting Al-Queda. He then continues to talk about Grover Norquist and a piece of lobbying he wrote about Iraq. He then speaks about Democracy being brought to Iraq and how unrealistic it was. He then talks about //puppet governments// in both America and Iraq. He talks about voting rights in Florida and how Black people were not allowed to vote.",,Non-Saleable,,,,,,,,,,,,,,,,
126,AAPM Conference with Dr. Helen Caldicott speaking on Nuclear Power and Global Warming,,KBOO,digitized in house,KBOO Archives Room,Stereo,Minidisc,01:20:56,kboo_MD-181.mp3,kboo_MD-181.wav,817 MB,stereo,wav,44.1 kHz,16 bits,1EA93D90C6AD271BA7B7066500102FB8,md5,MD-181,,unknown,Dr. Helen Caldicott,"Science/Technology, Energy/Natural Resources","American Association of Physicist in Medicine (AAPM) Conference with Dr. Helen Caldicott speaking on the effects of nuclear power and global warming. She touches on topics including the sexual undertones of nuclear technology, the effects of nuclear development on children, cancer caused by nuclear plants, nuclear genocide and how America treated the Japanese people affected by Fatman and Little Boy. Speech ends at ~1:04:00 followed by a Q&A.",,Non-Saleable,,,,,,,,,,,,,,,,
125,"Project Clean Slate, Clearing Minor Crimes from Your Record",,KBOO,digitized in house,KBOO Archives Room,Stereo,Minidisc,02:13:05,kboo_MD-180_20050707.mp3,kboo_MD-180_20050707.wav,1.31 GB,stereo,wav,44.1 kHz,16 bits,5CB5C0E97C8D60ABB3459530F3D433C9,md5,MD-180,2005-07-07,unknown,"Mike Shrunk, Billy Roberson, Jo Ann Bowman","Law/Court/Crime, Activism, Community","Tracks 1&2 are KBOO morning news. Track 3 is an Episode of Voices From the Edge hosted by Joann Bowman that focuses on Project Clean Slate, which is a project for people with minor criminal records to come and possibly have their records cleared. Call in topics include expanding this project, how to have your children's records cleared, and many other questions about minor crimes.",,Saleable,,,,,,,,,,,,,,,,
124,Black History Month Lecture by Cornel West at Reed College,,KBOO,digitized in house,KBOO Archives Room,Mono,Minidisc,01:48:16,kboo_MD-179_20050218.mp3,kboo_MD-179_20050218.wav,546 MB,mono,wav,44.1 kHz,16 bits,7CE4F6F94E72C28A76D94204BD0A2DE2,md5,MD-179,2005-02-18,unknown,"Marc Scheiberg, Cornel West","Civil Rights/Human Rights, African American, Arts/Culture, History","Cornel West speaks at a Black History Month lecture hosted by the Sociology Department at Reed College's Kaul Auditorium in Portland, Oregon. West lectures on the relationship between how Democracy Matters and Race Matters (the titles of two of his books) within American history. He discusses the legacy of Emmett Till, Mamie Till, Martin Luther King, Jr., Malcolm X, Nelson Mandela, the Highlander Folk School, and other key moments of Black History. West addresses the difference between success and greatness in the context of the Civil Right Movement.  A Q&A  follows the lecture for the last 40 minutes of the recording. West is asked about Ward Churchill and academic free speech, President George W. Bush's Faith Based Initiatives, inspiration for Black communities confronting white supremacy, the Oregon Citizens Alliance (OCA) and homophobia, how to live as a Christian in today's world, and the willingness to die out of love for someone.",,Saleable,,,,,,,,,,,,,,,,
123,Raw Interview with Angela Stokes,,KBOO,digitized in house,KBOO Archives Room,Stereo,Minidisc,00:28:12,kboo_MD-178_20060928.mp3,kboo_MD-178_20060928.wav,285 MB,stereo,wav,44.1 kHz,16 bits,EBFCB838270F6C2B18CA0523163E4B4B,md5,MD-178,2006-09-28,unknown,"Angela Stokes, Mel Reslor","Health, Social Services","Angela Stokes talks about her experience with raw food and how it changed her life. She was at one time considered obese with a B.M.I. of over 35. After switching to raw food she now has a B.M.I. around 22. Says raw food saved her life. She also talks about how the pharmaceutical industry controls food and when you switch to raw foods it affects local farms etc. Stokes also explains what raw food actually is, includes types of food and how to prepare it.",,Saleable,,,,,,,,,,,,,,,,
122,The Destruction of the Trade Towers,,KBOO,digitized in house,KBOO Archives Room,Stereo,Minidisc,00:28:03,kboo_MD-177_20051015.mp3,kboo_MD-177_20051015.wav,283 MB,stereo,wav,44.1 kHz,16 bits,A71391281B4648FA9671B8F954DE1CE6,md5,MD-177,2005-10-15,unknown,"David Ray Griffin, Mel Reslor",Government/Politics,"Part 3 with Q&A. Interview with David Ray Griffin On 9/11 World Trade Center and how it was an inside job. Broken up into multiple parts. One in 2003 and the other in 2005. It begins with him speaking about how the Bush family was connected. Claims explosives were put in the building days before 9/11 but people working for the Bush family. When asked a reasonable question about where flight 77 is, if it did not crash into the Pentagon he can only give wild speculation. The second part begins with him speaking about the recently (2005) oral histories of 9/11 survivors. He provides examples to further his point that 9/11 was an inside job.",eps00125,Saleable,Notes,,,,,,,,,,,,,,,
121,"Bruce Gagnon at the First Unitarian Church Portland, Oregon",,KBOO,digitized in house,KBOO Archives Room,Stereo,Minidisc,01:15:22,kboo_MD-175_20050729.mp3,kboo_MD-175_20050729.wav,761 MB,stereo,wav,44.1 kHz,16 bits,A9EAB48DBC80534161BA9C1CF1140BFD,md5,MD-175,2005-07-29,unknown,Bruce Gagnon,"Government/Politics, Military/Veterans","Bruce Gagnon who is the coordinator of the global network against weapons and nuclear power in space speaks at the First Unitarian Church Portland, Oregon. His talk begins with someone giving a brief history of his life in activism. He begins talking about how the government wants to try and control weather and how he feels about it. This talk is just him sharing his thoughts on many topics including weather control, Vietnam, the military, politics, college, organization, America, genocide in America. All of this leads up to his assertion that the next step in the military industrial complex is now defunding education and clear air/water programs to begin funding aerospace war, which he sees as the next big war. The speech cuts 4 minutes before the recording ends and then includes segments of the post speech Question and Answer session.",,Saleable,,,,,,,,,,,,,,,,
120,Interview with Eric Schlosser,,,digitized in house,KBOO Archives Room,Mono,Minidisc,00:36:16,kboo_MD-173_20020100.mp3,kboo_MD-173_20020100.wav,183 MB,mono,wav,44.1 kHz,16 bits,BB6DA679B7E47CBB197AE2C41103C6DE,md5,MD-173,2002-01-00,unknown,"Eric Schlosser, Mel Reslor","Food, Agriculture, Labor, Media","Reslor interviews Schlosser about his work Fast Food Nation and his article Reefer Madness. He discuss consumerism, food, drug war, and journalism.Track 1: Fast Food Track 2: Blank Track 3-4: Reefer Madness, etc",,Saleable,,,,,,,,,,,,,,,,
119,Powell's Bookstore: Al Franken on The Truth (with Jokes) (2005),,KBOO,digitized in house,KBOO Archives Room,Mono,Minidisc,01:12:21,kboo_MD-172_20051030.mp3,kboo_MD-172_20051030.wav,365 MB,mono,wav,44.1 kHz,16 bits,745AC405D2E0F141B80D4E17096432AF,md5,MD-172,2005-10-30,unknown,Al Franken,"Government/Politics, Humor","Powell's Bookstore hosts Al Franken at the First Congregational Church, Portland, Oregon . Franken speaks on his book The Truth (with Jokes) (2005). Franken discusses the current state of the nation following the 2004 election. He predicts a Barack Obama Presidency in 2015. In the Q&A session Franken is asked about Harriet Miers' withdrawl from consideration for the Supreme Court, the speculation of his run for Congress, the 2004 presidential election, the changign demographic of America, his Air America radio show, and the controversy over Scooter Libby and Joe Wilson. Written on the MiniDisc it says //Unedited.//",,Saleable,,2000 - 2005,,,,,,,,,,,,,,
118,Struggling for a Liberated Existence: A Forum with Presentations by Rod Coronado and Derrick Jensen,,KBOO,digitized in house,KBOO Archives Room,Mono,Minidisc,01:40:50,kboo_MD-171_20021125.mp3,kboo_MD-171_20021125.wav,509 MB,mono,wav,44.1 kHz,16 bits,F9D703E73563697D55C8886DE5681D26,md5,MD-171,2002-11-25,unknown,"Rob Coranado, Derrick Jensen","Environment/Natural Resources, Law/Court/Crime","The Break the Chains Collective organized this panel at the University of Oregon, which was also attended by the Speaking Truth to Power Defense Committee. Derrick Jensen speaks on his book The Culture of Make Believe (2002). Jensen addresses a variety of topics including prison system, environmental activism, sexual violence, hate groups, and the need to maintain hope as an activist. Rod Coronado speaks on the importance for activists to not give up, his imprisonment for direct action environmental activism, and indigenous peoples' struggles.",,Saleable,Event Flier,,,,,,,,,,,,,,,
117,Sister Helen Prejean Lecture at Jesuit High School,,KBOO,digitized in house,KBOO Archives Room,Stereo,Minidisc,00:49:45,kboo_MD-170p2_20050214.mp3,kboo_MD-170p2_20050214.wav,502 MB,stereo,wav,44.1 kHz,16 bits,B227AA3DBEB5756D7BEE2CD2B9FFDAFE,md5,MD-170p2,2005-02-14,unknown,Helen Prejean,"Prison, Arts/Culture, Faith/Religion/Spirituality","Sister Helen Prejean speaks at Jesuit High School in Portland, Oregon. She discusses how she became a social justice activist seeking to end use of the death penalty. She speaks about her relationship with Patrick Sonnier, the subject of her book Dead Man Walking (1993). She discusses the importance of her book being turned into theater play being performed in schools around the country.",,Saleable,,,,,,,,,,,,,,,,
116,In Harm's Way: Toxic Threats to Child Development,,KBOO,digitized in house,KBOO Archives Room,Stereo,Minidisc,01:08:22,kboo_MD-169_20031106.mp3,kboo_MD-169_20031106.wav,690 MB,stereo,wav,44.1 kHz,16 bits,6D1FCDF8B57E25B7CDDC090C6616D2D1,md5,MD-169,2003-11-06,unknown,"Norma Greir, Sandra Steingraber, Catherine Thomasson, Michelle Gottlieb","Health, Women, Youth, Family, Environment/Climate, Science/Technology","Activist and author Sandra Steingraber speaks at the In Harm's Way conference at the Oregon Health & Science University (OHSU) in Portland, Oregon. The event was sponsored by the Oregon Physicians for Social Responsibility and the Northwest Coalition for an Alternative to Pesticides. Steingraber address issues the relationship between chemical toxins and birth defects. Included on this recording are interviews with Norma Grier, Sandra Steingraber, Catherine Thomasson, and Michelle Gottleib.",,Saleable,,,,,,,,,,,,,,,,
115,Human Rights and Ethical Globalization: Speech by Mary Robinson at the University of Oregon,,KBOO,digitized in house,KBOO Archives Room,Mono,Minidisc,01:23:37,kboo_MD-166_20040303.mp3,kboo_MD-166_20040303.wav,422 MB,mono,wav,44.1 kHz,16 bits,B4C57D02E2533C4B8B5BA485FE31615F,md5,MD-166,2004-03-03,unknown,Mary Robinson,"Global Affairs, Civil Rights/Human Rights","Mary Robinson, the former President of Ireland and member of the U.N. High Commission on Human Rights, speaks at the University of Oregon's Oregon Ballroom at the invite of the Wayne Morse Center for Law and Politics. She addresses global issues of human rights and economic inequality. In the Q&A after her speech she answers questions on the New Lodge Six, the Choctaw's financial donation during the Irish famine, media, and environmentalism.",,Saleable,,,Ireland,,,,,,,,,,,,,
114,Fifth Annual International Speaker Series #5 with Zbigniew Brzezinsk at Arlene Schnitzer Concert Hall -- With Us or Against Us: the Challenges of Global Leadership,,KBOO,digitized in house,KBOO Archives Room,Stereo,Minidisc,00:58:26,kboo_MD-165_20050310.mp3,kboo_MD-165_20050310.wav,590 MB,stereo,wav,44.1 kHz,16 bits,47AB889D01878FA99629CC3A29B79694,md5,MD-165,2005-03-10,unknown,Zbigniew Brzezinski,"Global Affairs, War/Peace, Government/Politics","The World Affairs Council of Oregon introduces speaker Dr. Zbigniew Brzezinski, the former National Security Advisor to President Carter who speaks at the Arlene Schnitzer Concert Hall in Portland, Oregon. A protester disrupts the speech just as Brzezinski begins his lecture. Brzezinski discusses the potential for the spread of democracy globally and the outlook of national security for the U.S. in the next fifteen years. During the Q&A Brzezinski answers questions on China, Hezbollah, President Bush's nominations to the U.N., the lack of military service of Bush's cabinet, //the enemy of our enemy is our friend, // his role in the 2004 Orange Revolution in Ukraine and his views on Viktor Yushchenko, and Afghanistan during the Cold War. Audio is only excerpts and cuts out abruptly during the Q&A.",,Non-Saleable,,,,,,,,,,,,,,,,
113,John Robbins Speaks at First Unitarian Church,,KBOO,digitized in house,KBOO Archives Room,Mono,Minidisc,01:26:29,kboo_MD-164_20010419.mp3,kboo_MD-164_20010419.wav,873 MB,stereo,wav,44.1 kHz,16 bits,69709214F7AEECF0731AEA7E2E9409E0,md5,MD-164,2001-04-19,unknown,John Robbins,"Food, Health, Family, Environment/Climate","John Robbins Speaks about Food, Health and the Earth at the First Unitarian Church. Robbins begins speaking right off the bat, beginning with how his daughter in law gave birth to premature twins who needed round the clock care. Including Kangaroo care and how the hospital referred to them as miracle babies. Then starts speaking about how food gives you the energy to do what you love and how in every culture eating with others can lead to peace-making. Other topics include meat based diets, how bad the living conditions of animals are, how people should protect animal rights, weather disturbances/ climate change and how it affects how food is produced. People need to switch to a plant-based diet. He later talks about Monsanto and how we as people are not yet evolved enough to eat genetically modified food and how they should be labeled. He later details his episode of //Lifestyles of the Rich and Famous// and how weird it was.",,Saleable,,,,,,,,,,,,,,,,
112,Democracy Rising's //People Have the Power Tour// with Ralph Nader at Rose Garden,,KBOO,digitized in house,KBOO Archives Room,Mono,Minidisc,01:31:14,kboo_MD-163_20010804.mp3,kboo_MD-163_20010804.wav,460 MB,mono,wav,44.1 kHz,16 bits,C6042DE3633344C402D40FBF2738D122,md5,MD-163,2001-08-04,unknown,"Ralph Nader, Eddie Vedder, Jesse Collins Young, Medea Benjamin, Jello Biafra","Government/Politics, Corporations, Activism, Community Building","Democracy Rising was an organization created by former Green Party presidential candidate Ralph Nader following the 2000 election. Nader and Democracy Rising organized a  //People Have the Power Tour// between June 2001 and October 2003. The crowd was estimated at 7, 500 in Portland, the largest crowd according to Democracy Rising on the 17 city tour. 100 organizations were said to have cosponsored or tabled at the event.Track 1: Jesse Collin Young; Track 3: Jello Biafra. Biafra discusses the //Spirit of Seattle// WTO protests, corporate feudalism, the 2000 elections, grassroots organization.Track 5: Medea Benjamin speaks on free trade vs. fair trade, mass movement building, energy, the War on Drugs, the //Spirit of Seattle, // democracy, corporations, Nike, and the 2001-09-29 planned protest against globalization policies in Washington, D.C. Track 7: Eddie Vedder introduces Ralph Nader. Nader speaks on democracy, the //Oregon Progressive Mystique, // the concentration of power and wealth, the //new slavery// by corporations, and a history of //wrong turns// by those in power in America. He asserts that people have the power to create a new democracy. Disc is labeled //Air Copy.//",,Non-Saleable,,2000-2001,"Portland, OR",,,,,,,,,,,,,
111,Powell's Bookstore: Barbara Ehrenreich on Nickel and Dimed: On (Not) Getting by in America (2001),,KBOO,digitized in house,KBOO Archives Room,Mono,Minidisc,00:50:51,kboo_MD-162_20010529.mp3,kboo_MD-162_20010529.wav,257 MB,mono,wav,44.1 kHz,16 bits,3EC67122CE2764FE58928EF6F7F63DD5,md5,MD-162,2001-05-29,unknown,Barbara Ehrenreich,Labor,Barbara Ehrenreich reading from her book Nickel and Dimed at Powell's Books on Hawthorne. She also talks about her experiences while writing the book. Followed by a Q&A.,,Saleable,,,,,,,,,,,,,,,,
110,Vandana Shiva interviewed by Andrew Geller,,KBOO,digitized in house,KBOO Archives Room,Mono,Minidisc,00:39:04,kboo_MD-161_20001211.mp3,kboo_MD-161_20001211.wav,197 MB,mono,wav,44.1 kHz,16 bits,410FFB35E9C99697C34A8F0032D7C1E4,md5,MD-161,2000-10-20,unknown,"Vandana Shiva, Andrew Geller","Food, Global Affairs, War/Peace","Vandana Shiva talks the pollution of organic foods, genetically modified food and how  civil wars, weather and other things can alter how people around the world get food. She continues on to speak about the Seattle WTO summit and how immediately after she was hounded with interviews and job requests and how people from around the world knew what was going on in America. She also speaks about biotechnology and monsanto.",,Non-Saleable,,,,,,,,,,,,,,,,
109,MD-160.2 title,,KBOO,digitized in house,KBOO Archives Room,Mono,Minidisc,00:58:48,kboo_MD-160p2_20010208.mp3,kboo_MD-160p2_20010208.wav,297 MB,mono,wav,44.1 kHz,16 bits,C2695015C11A3B082639A1548EC65854,md5,MD-160p2,2001-02-08,unknown,Nancy Turner,,University of Victoria,,Non-Saleable,,,,,,,,,,,,,,,,
108,MD-160.1 title,,KBOO,digitized in house,KBOO Archives Room,Mono,Minidisc,01:04:45,kboo_MD-160p1_20001211.mp3,kboo_MD-160p1_20001211.wav,654 MB,stereo,wav,44.1 kHz,16 bits,9BB0E709A2518C8B68CCEBB74FE1D510,md5,MD-160p1,2000-12-11,unknown,Helena Norberg-Hodge,,First Unitarian Church,,Non-Saleable,,,,,,,,,,,,,,,,
107,John Trudell Part 2,,KBOO,digitized in house,KBOO Archives Room,Mono,Minidisc,00:02:58,kboo_MD-159d2.mp3,kboo_MD-159d2.wav,15 MB,mono,wav,44.1 kHz,16 bits,F3318A43F2697490AEC3814564A944AE,md5,MD-159d2,,unknown,John Trudell,"Arts/Culture, Indigenous",John Trudell speaks on Indigenous culture in the America's in the 21st century. No date or location is listed on the MiniDisc. Recording cuts out in the middle of sentence.,,Non-Saleable,,,,,,,,,,,,,,,,
106,John Trudell Part 1,,KBOO,digitized in house,KBOO Archives Room,Stereo,Minidisc,00:45:21,kboo_MD-159d1.mp3,kboo_MD-159d1.wav,458 MB,stereo,wav,44.1 kHz,16 bits,FE66D4707B7CF0D50C999F4989C28814,md5,MD-159d1,,unknown,John Trudell,"Arts/Culture, Indigenous",John Trudell speaks on Indigenous culture in the America's in the 21st century. No date or location is listed on the MiniDisc.,,Non-Saleable,,,,,,,,,,,,,,,,
105,FTAA Protests in Miami,,KBOO,digitized in house,KBOO Archives Room,Mono,Minidisc,01:00:34,kboo_MD-158d2p2_20031100.mp3,kboo_MD-158d2p2_20031100.wav,306 MB,mono,wav,44.1 kHz,16 bits,C405F20F14EC9DF1A8D702B2232781E0,md5,MD-158d2p2,2003-11-00,unknown,"Andrew Geller (KBOO), Fatima Mello, Sarah Anderson, Kameelah Benjamin-Fuller, Melody, Kris Hermes","Activism, Economy, Global Affairs, Labor, Corporations",,eps00124,Saleable,,2003,"Miami, FL; Brazil; Latin America",,,,,,,,,,,,,
104,Nick Begich Speech on the High Frequency Active Auroral Research Program (HAARP): Part 2,,KBOO,digitized in house,KBOO Archives Room,Mono,Minidisc,01:34:48,kboo_MD-158d2p1_20031115.mp3,kboo_MD-158d2p1_20031115.wav,478 MB,mono,wav,44.1 kHz,16 bits,5A0106CDFE5CBA6FE50CCAC592E7C600,md5,MD-158d2p1,2003-11-15,unknown,Nick Begich,"Science/Technology, Military/Veterans, Government/Politics",Nick Begich speaks to an audience on the subject of the High Frequency Active Auroral Research Program (HAAlternative RadioP) in Alaska. Begich also speaks on the reported linkage between cell phone usage and cancer. Part 2 includes a Q&A with Begich.,,Non-Saleable,,1980 - 2000,"Alaska, North America, Globe",,,,,,,,,,,,,
103,Nick Begich Speech on the High Frequency Active Auroral Research Program (HAARP): Part 1,,KBOO,digitized in house,KBOO Archives Room,Mono,Minidisc,01:30:55,kboo_MD-158d1_20031115.mp3,kboo_MD-158d1_20031115.wav,459 MB,mono,wav,44.1 kHz,16 bits,923C511EC08322721D1B6E31755FAF30,md5,MD-158d1,2003-11-15,unknown,Nick Begich,"Science/Technology, Military/Veterans, Government/Politics, Animals",Nick Begich speaks to an audience on the subject of the High Frequency Active Auroral Research Program (HAAlternative RadioP) in Alaska. Begich also speaks on the reported linkage between cell phone usage and cancer. The MiniDisc is labeled //Airport Holiday Inn 11/15/03//,,Non-Saleable,,1980 - 2000,"Alaska, North America, Globe",,,,,,,,,,,,,
102,Break the Chains Conference 2003,,KBOO,digitized in house,KBOO Archives Room,Mono,Minidisc,01:36:29,kboo_MD-157d4p2_20030810.mp3,kboo_MD-157d4p2_20030810.wav,487 MB,mono,wav,44.1 kHz,16 bits,13B698E1F045FB43B8C040F1E6E29011,md5,MD-157d4p2,2003-08-10,unknown,"David Oaks, David James","Activism, Prison, Drugs, Health, Recovery, Disability","Break the Chains Conference: Chemical Prison: The Merger of the Psychiatric and Prison Industries by David Oaks and David James. David Oaks of Mind Freedom and David James speak at the Break the Chains Conference on 2003-08-10 at 10:30am.The conference was held August 8 - 10, 2003 at the University of Oregon in Eugene. Oaks discusses the use of psychiatric drugs within the psychiatric system, prisons, and society at large. Oaks and James discuss their personal experience within the psychiatric system and their activism to free those wrongfully imprisoned. Break the Chains Conference planners stated the following vision: //We are organizing this conference to educate people about the bleak reality of the prison crisis, to mobilize people from the anti-repression, prisoner-support and anti-capitalist movements, to humbly host like-minded activists from other regions in what we hope is to be an extremely powerful and productive convergence, to learn from survivors of the prison system and gain from them invaluable lessons about the nature of the beast we are up against, and to begin the difficult task of developing a cohesive, organized, diverse, and effective movement against state repression and the politics of mass imprisonment. As the ruling elite intensifies its repression more & more broadly, such a movement becomes necessary now more than ever before.//",eps00110,Saleable,,,,Original,,,,,,,,,,,,
101,Break the Chains Conference 2003,,KBOO,digitized in house,KBOO Archives Room,Mono,Minidisc,00:37:37,kboo_MD-157d4p1_20030810.mp3,kboo_MD-157d4p1_20030810.wav,190 MB,mono,wav,44.1 kHz,16 bits,F86D9917917AC75BCC85CE6A61C334AC,md5,MD-157d4p1,2003-08-10,unknown,Craig Rosebraugh,"Law/Court/Crime, Government/Politics, Environment/Climate, Activism","Break the Chains Conference: On the Legitimacy of Revolutionary Violence by Craig Rosebraugh, Arissa. Craig Rosebraugh of Arissa speaks at the Break the Chains Conference on 2003-08-10 at 9:00am.The conference was held August 8 -10, 2003 at the University of Oregon in Eugene. Rosebraugh discusses the decision liberation movements made on the question of whether or not to use violence including Nelson Mandela, Gandhi, and the Earth Liberation Front (ELF). The Break the Chains Conference was held August 8 -10, 2003 at the University of Oregon in Eugene. Break the Chains Conference planners stated the following vision: //We are organizing this conference to educate people about the bleak reality of the prison crisis, to mobilize people from the anti-repression, prisoner-support and anti-capitalist movements, to humbly host like-minded activists from other regions in what we hope is to be an extremely powerful and productive convergence, to learn from survivors of the prison system and gain from them invaluable lessons about the nature of the beast we are up against, and to begin the difficult task of developing a cohesive, organized, diverse, and effective movement against state repression and the politics of mass imprisonment. As the ruling elite intensifies its repression more & more broadly, such a movement becomes necessary now more than ever before.//",eps00110,Saleable,,,,Original,,,,,,,,,,,,
100,Break the Chains Conference 2003,,KBOO,digitized in house,KBOO Archives Room,Mono,Minidisc,01:05:44,kboo_MD-157d3_20030809.mp3,kboo_MD-157d3_20030809.wav,332 MB,mono,wav,44.1 kHz,16 bits,408F8F57315C86817969761759835D27,md5,MD-157d3,2003-08-09,unknown,"Derrick Jensen, Jesus Sepulveda","Prison, Arts/Culture, Military","Break the Chains Conference: Prisons, Colonialism & Industrial Civilization by Derrick Jensen and Jesus Sepulveda. Authors and activists Derrick Jensen and Jesus Sepulvecla speak at the Break the Chains Conference on 2003-08-09 at 4:00pm. Jensen speaks about his experience teaching writing to inmates at Pelican Bay State Prison.  Sepulveda speaks about his experience under the Pinochet regime and how it can be used as a teaching tool. He also talks about his new book which deals with colonialism, capitalism and industrialism. The conference was held August 8 - 10, 2003 at the University of Oregon in Eugene. Break the Chains Conference planners stated the following vision: //We are organizing this conference to educate people about the bleak reality of the prison crisis, to mobilize people from the anti-repression, prisoner-support and anti-capitalist movements, to humbly host like-minded activists from other regions in what we hope is to be an extremely powerful and productive convergence, to learn from survivors of the prison system and gain from them invaluable lessons about the nature of the beast we are up against, and to begin the difficult task of developing a cohesive, organized, diverse, and effective movement against state repression and the politics of mass imprisonment. As the ruling elite intensifies its repression more & more broadly, such a movement becomes necessary now more than ever before.//",eps00110,Saleable,,,California,Original,,,,,,,,,,,,
99,Break the Chains Conference 2003,,KBOO,digitized in house,KBOO Archives Room,Mono,Minidisc,02:02:00,kboo_MD-157d1_20030808.mp3,kboo_MD-157d1_20030808.wav,616 MB,mono,wav,44.1 kHz,16 bits,E82C21857A38E822DE4B26ABE57C8E4D,md5,MD-157d1,2003-08-08,unknown,"Ward Churchill, Chrystos, Jim Page","Indigenous, Prison, Race, Police, Civil Rights/Human Rights","Break the Chains Conference . Break the Chains Conference at United Lutheran Church, Eugene, Oregon, 2003-08-08, Chrystos?? talks about how the indigenous people who lived in this area went thousands of years without building a prison. She compares colonization to prison. She tells personal stories about encounters with the police throughout her life. She speak about income inequality between indigenous people and the rest of the country. There is also a musical performance by Jim Page featuring two songs about indigenous people fight the system. The next speaker speaks about Leonard Peltier and the Black Panther Party. He goes on to explain what the Praytor?? guideline is. He talks about Rodney King, Delta Force and the presidential use of them during times of strife in America.",eps00110,Saleable,,,United States,Original,,,,,,,,,,,,
98,Ross Gelbspan at Lewis and Clark College,,KBOO,digitized in house,KBOO Archives Room,Stereo,Minidisc,01:03:27,kboo_MD-156_20041005.mp3,kboo_MD-156_20041005.wav,641 MB,stereo,wav,44.1 kHz,16 bits,64A6A885401F29C3B5BE6AED0A62A9B5,md5,MD-156,2004-10-05,unknown,Ross Gelbspan,"Global Affairs, Environment/Climate, Economy","Ross Gelbspan at Lewis & Clark College, Portland, Oregon, Disc 1, 2004-10-05. The speech starts with someone telling a personal story about how they became familiar with Ross Gelbspan's writings. Gelbspan begins by talking about how the global economy can become stagnant and how the more reliable path to getting out of it would be global works programs. Which he says will lift off the economy within a decade. He then turns to talking about planet heating and how it is getting hotter and hotter. He wants to replace everything that hurts the climate with climate emission responsible products, including heaters and cars. He continues to speak about temperature change and how it effects the globe and how it can affect the economy in the decades to come. Says that some politicians tried to use science to convince older and less educated people that climate change was not true. Says that outside of the U.S. there is little to no debate on climate change. He talks about the U.S. pulled out of Kyoto Accord when Bush took office because they did not see it as fair to first world countries. His dad originally signed the agreement. Believes the time is right to try and reduce climate change, says we have all the allies we need but the time to act is rapidly decreasing and we need to act fast. Gelbspan's talk end with a Q&A, which is very quiet on the Q end.",,Non-Saleable,,,United States,,,,,,,,,,,,,
97,Fifth Annual University of Oregon Sustainable Business Symposium,,KBOO,digitized in house,KBOO Archives Room,Mono,Minidisc,01:14:27,kboo_MD-155_20011109.mp3,kboo_MD-155_20011109.wav,376 MB,mono,wav,44.1 kHz,16 bits,7932CAC80038C3C5CD64CB271C477461,md5,MD-155,2001-11-09,unknown,Amory Lovins,"Economy, Environment/Climate",Amory Lovins speaks with at the University of Oregon Sustainable Business Symposium.  He speaks about heat loss? and how improvements will help lower costs. Talks about how protecting the planet is not expensive when you consider the future of the earth. He talks about companies trying to lower their carbon emissions to nearly zero. He calls them smart companies.,,Non-Saleable,,,United States,,,,,,,,,,,,,
96,Powell's Bookstore: Jim Garrison on America as Empire (2004),,KBOO,digitized in house,KBOO Archives Room,Mono,Minidisc,01:23:04,kboo_MD-154_20040300.mp3,kboo_MD-154_20040300.wav,839 MB,stereo,wav,44.1 kHz,16 bits,961AAAA900D0209EC6AA7A086D357A72,md5,MD-154,2004-03-00,unknown,Jim Garrison,"War/Peace, Government/Politics, Global Affairs","Author and member of the State of the World Forum, Jim Garrison, discusses the responsibilities America has as the strongest nation in the history of the world. In the Q&A he is asked about Ralph Nader, the 2000 elections and the upcoming 2004 elections.",,Non-Saleable,,,United States,,,,,,,,,,,,,
95,Public Interest Environmental Law Conference 2003,,KBOO,digitized in house,KBOO Archives Room,Mono,Minidisc,00:58:37,kboo_MD-153p2_20030307.mp3,kboo_MD-153p2_20030307.wav,296 MB,mono,wav,44.1 kHz,16 bits,26482F07D2FD6C3E0DC50DF488F006D6,md5,MD-153p2,2003-03-07,unknown,Mae-Wan Ho,"Indigenous, Science/Technology, Environment/Climate",Public Interest Environmental Law Conference (PIELC) Keynote speech by Mae-Wan Ho at the University of Oregon. Ho discusses her book Living with the Fluid Genome (2003) and her work researching genetic engineering and its effects on indigenous communities. Preceding Ho's speech was John E. Echohawk.,eps00109,Saleable,,,,Original,,,,,,,,,,,,
94,Public Interest Environmental Law Conference 2003,,KBOO,digitized in house,KBOO Archives Room,Mono,Minidisc,00:58:57,kboo_MD-153p1_20030307.mp3,kboo_MD-153p1_20030307.wav,298 MB,mono,wav,44.1 kHz,16 bits,5DE2C49A3905372D5E60B9D4FBB46920,md5,MD-153p1,2003-03-07,unknown,John E. Echohawk,"Indigenous, Law/Court/Crime, Environment/Climate","2003 Public Interest Environmental Law Conference (PIELC) Keynote speech by John E. Echohawk at the University of Oregon. Echohawk discusses the Native American Rights Fund, which he founded, and Native American law. Additionally, he speaks about the relationships Native American tribes are building with environmentalists. Echohawk's speech is followed by Mae-Wan Ho.",eps00109,Saleable,,,,Original,,,,,,,,,,,,
93,Presidential Candidate Dennis Kucinich (D) Speaks at Lincoln High School,,KBOO,digitized in house,KBOO Archives Room,Mono,Minidisc,01:07:24,kboo_MD-152_20030326.mp3,kboo_MD-152_20030326.wav,340 MB,mono,wav,44.1 kHz,16 bits,E7E3AB9793A9F39EBF166CE0C96F264A,md5,MD-152,2003-03-26,unknown,Dennis Kucinich,"Government/Politics, Global Affairs, Economy, Corporations, Labor",,eps00123,Saleable,,2004,,Original,,,,,,,,,,,,
92,Powell's Bookstore: Jim Hightower speaks on Let's Stop Beating Around the Bush (2004),,KBOO,digitized in house,KBOO Archives Room,Mono,Minidisc,00:59:59,kboo_MD-151_20040802.mp3,kboo_MD-151_20040802.wav,303 MB,mono,wav,44.1 kHz,16 bits,EC7D5689690DAAB10F4AD43E541B66E2,md5,MD-151,2004-08-02,unknown,"Jim Hightower, Mike Dambrosia","Government/Politics, Economy, Corporations","Powell's Bookstore hosts Jim Hightower, author and former Texas Agricultural Commissioner, at the Bagdad Theater to discuss his book Let's Stop Beating Around the Bush (2004). This edited recording includes Hightower discussing democracy, the upcoming 2004 elections, and George W. Bush and his supporters. The MiniDisc had written on it //Mike Dambrosia Powell's, 503-235-0028, mad?????@netzero.net, Portland// The email address is difficult to read.",,Non-Saleable,,1995 - 2004,United States,,,,,,,,,,,,,
91,"Julia Hill on Environmental Struggles and her Two Year Tree Sit in Luna at First Unitarian Church in Portland, Oregon",,KBOO,digitized in house,KBOO Archives Room,Mono,Minidisc,02:03:33,kboo_MD-149_20000522.mp3,kboo_MD-149_20000522.wav,624 MB,mono,wav,44.1 kHz,16 bits,A2B0237527FCD99C723A8C3872943D92,md5,MD-149,2000-05-22,unknown,Julia Butterfly Hill,"Environment/Climate, Activism, Energy/Natural Resources, Corporations","The Northwest Earth Institute, Looking Glass Bookstore, KBOO, and the First Unitarian Church host Julia Butterfly Hill at the the First Unitarian Church in Portland, Oregon. Hill discusses her tree sit that lasted two years between 1997 and 1999. The tree was named //Luna// and was threatened by the Pacific Lumber Company and Columbia Helicopter. The audio recording is edited. Copies of the audio are included on this recording including portions of the Q&A.",,Saleable,,1997 - 2000,"California, Oregon",,,,,,,,,,,,,
90,Ralph Nader and Winona LaDuke at the Memorial Coliseum,,KBOO,digitized in house,KBOO Archives Room,Mono,Minidisc,01:24:30,kboo_MD-148_20000825.mp3,kboo_MD-148_20000825.wav,426 MB,mono,wav,44.1 kHz,16 bits,C95495E65C22BFA50FCD73EFDB2854AD,md5,MD-148,2000-08-25,unknown,"Ralph Nader, Winona LaDuke","Military/Veterans, Economy, Government/Politics","Nader speaks about defense spending, global reform, how TB and malaria are the real global killers, not weapons of mass killing. Compares Bush and Gore and how similar they are when it comes to being pro business. How corporate power rules almost everything in America. He then transitions to talking about how Gore/Bush won't allow Americans to grow hemp. Then speaks at length about how vital and necessary hemp is, even saying Bush's father used hemp in WWII. He then talks about voting for None of the Above, where you can vote for the none of the above candidates and it would essentially eliminate them from the election if it had enough votes.",,Saleable,,,United States,,,,,,,,,,,,,
89,CIA Drug Symposium,,KBOO,digitized in house,KBOO Archives Room,Mono,Minidisc,02:04:59,kboo_MD-147_20000610.mp3,kboo_MD-147_20000610.wav,631 MB,mono,wav,44.1 kHz,16 bits,30266EC1A6ED919EFDADD7C8C8B424D4,md5,MD-147,2000-06-10,unknown,Rodney Stich,"Civil Liberties, Drugs, Activism","CIA Drug Symposium, Eugene Oregon, Rodney Stich talks about his time working for the government and how he grew tired of how corrupt it can be. He talks about how after he quit working for the government he started filing lawsuits against them. Specifically with the FAA and there constant cover ups. Those include the NTSB covering up information about TWA Flight 800. Eventually someone elses comes on to speak about drug trafficing and how when Mexico was going to default both during the Reagan era and the Clinton era the country was awarded bailout money and how that money would be repaid with confiscated drug money from Mexican drug cartels.",,Non-Saleable,,,,,,,,,,,,,,,,
88,Interviews with Phyllis Bennis on the United Nations and Jim Hightower on American Democracy,,KBOO,digitized in house,KBOO Archives Room,Mono,Minidisc,01:21:26,kboo_MD-146_20000922.mp3,kboo_MD-146_20000922.wav,411 MB,mono,wav,44.1 kHz,16 bits,76510108A4033D9DC26715E197EC0FCC,md5,MD-146,2000-09-22,unknown,"Andrew Geller (KBOO), Phyllis Bennis (KBOO), Ani Haines (KBOO), Kathleen Stephenson (KBOO), Robert Hoyt (KBOO), Joe Uris (KBOO), Jim Hightower (KBOO)","Global Affairs, Economy, Military/Veterans","Andrew Geller interviews Phyllis Bennis during a KBOO pledge drive. Phyllis discusses the United Nations, NATO, and the United States' dominant role in international relations and global democracy. Music includes Robert Hoyt's //Mind's Eye.// Joe Uris interviews Jim Hightower about his new book and his upcoming appearance in Portland to discuss campaign finance reform. The audio recording cuts out in the middle of the Hightower interview.",,Non-Saleable,,1945 - 2000,"Globe, United States",,,,,,,,,,,,,
87,Promo for Rebroadcast of a Michael Ruppert Speech from 2002,,KBOO,digitized in house,KBOO Archives Room,Stereo,Minidisc,00:01:08,kboo_MD-145_20040200.mp3,kboo_MD-145_20040200.wav,11.5 MB,stereo,wav,44.1 kHz,16 bits,3298BA2241B0AB094F5871C87F45885B,md5,MD-145,2004-02-00,unknown,"Mike Rupert, Mel Reslor","Global Affairs, Government/Politics, Drugs, Energy/Natural Resources","The recording is promo for a rebroadcast of a speech by Michael Ruppert on oil, finance, and the embedding war following 9/11 from 2002. Recording is only about 1 minute  and does not contain the actual speech with Ruppert.",,Non-Saleable,,2002,United States,,Promotional announcement,please review and remove,,,,,,,,,,
86,"Hafiz Usman Speaks About Working for Al Jazeera in Washington, D.C.",,,digitized in house,KBOO Archives Room,Stereo,Minidisc,00:40:54,kboo_MD-144.mp3,kboo_MD-144.wav,413 MB,stereo,wav,44.1 kHz,16 bits,80BD18CAC804E8AB892F91FB59115CE2,md5,MD-144,,unknown,Hafiz Usman,"Civil Liberties, Media, Global Affairs",al-jazeera Washington Chief reporter begins his talk about his position in the world of journalism. He talks about how many countries view Al-Jazeera as a terrorist website/ terror supporting website. Talks about being shut out of certain countries including America right after 9/11. Compares CNN and Al-Jazeera and talks about their similarities in foreign countries. Followed by a Q&A which abruptly cuts.,,Non-Saleable,,,Middle East,,,,,,,,,,,,,
85,Greg Palast: The Best Democrcay Your Money Can Buy,,KBOO,digitized in house,KBOO Archives Room,Mono,Minidisc,01:21:06,kboo_MD-143_20030405.mp3,kboo_MD-143_20030405.wav,409 MB,mono,wav,44.1 kHz,16 bits,3D685E8FDF42C180437BB2D99DCBDFA9,md5,MD-143,2003-04-05,unknown,"Greg Palast, Jo Ann Bowman","Activism, War/Peace, Global Affairs",,eps00131,Saleable,,,"United States, Oregon",,,,,,,,,,,,,
84,Multnomah County Library's Everybody Reads Interview: Ernest J. Gaines on A Lesson Before Dying,,KBOO,digitized in house,KBOO Archives Room,Mono,Minidisc,01:09:15,kboo_MD-142_20030205.mp3,kboo_MD-142_20030205.wav,350 MB,mono,wav,44.1 kHz,16 bits,8F4FAE44D6146075E5CEDE30DDC22F9E,md5,MD-142,2003-02-05,unknown,"Ernest J. Gaines, Patricia Welch, Mary Loftin","Arts/Culture, Fiction, African American",,eps00130,Saleable,,1933 - 2003,"California, San Francisco, Louisiana, United States",Original,,,,,,,,,,,,
83,City Club: Beyond Partisanship,,KBOO,digitized in house,KBOO Archives Room,Stereo,Minidisc,01:15:07,kboo_MD-141.mp3,kboo_MD-141.wav,758 MB,stereo,wav,44.1 kHz,16 bits,C444FD4A1C9CC551C3199F11AEE1F8F4,md5,MD-141,,unknown,,"Community Building, Government/Politics","Beyond Partisanship Terrible Sound, There is talk of mail delivery prescriptions, not bickering between political parties in Oregon. Talk about Oregon state legislature and if both sides of the party line can get along and try to work for a better Oregon. Followed by a hard to understand Q&A.",,Non-Saleable,,,"Oregon, United States",,,,,,,,,,,,,
82,Chris Hedges Lecture on War and Empire,,KBOO,digitized in house,KBOO Archives Room,Stereo,Minidisc,00:39:03,kboo_MD-140d2_20030421.mp3,kboo_MD-140d2_20030421.wav,394 MB,stereo,wav,44.1 kHz,16 bits,00983D76ED39B5E8592B9DC31680BD88,md5,MD-140d2,2003-04-21,unknown,"Chris Hedges, Lisa Hamid","War/Peace, Military/Veterans, Global Affairs",,eps00129,Saleable,,1990 - 2003,"Iraq, United States, Bosnia, El Salvador",,,,,,,,,,,,,
81,Chris Hedges Lecture on War and Empire,,KBOO,digitized in house,KBOO Archives Room,Stereo,Minidisc,00:52:04,kboo_MD-140d1_20030421.mp3,kboo_MD-140d1_20030421.wav,526 MB,stereo,wav,44.1 kHz,16 bits,F3238FD1F153DF14174B6076B436A035,md5,MD-140d1,2003-04-21,unknown,Chris Hedges,"War/Peace, Military/Veterans, Global Affairs",,eps00129,Saleable,,1990 - 2003,"Iraq, United States, Bosnia, El Salvador",,,,,,,,,,,,,
80,PSU Black Student Union Black History Month Event: Pam Africa and Vessala Mohammad Vay Speak on Reparations,,KPSU,digitized in house,KBOO Archives Room,Mono,Minidisc,01:32:20,kboo_MD-138_20030201.mp3,kboo_MD-138_20030201.wav,466 MB,mono,wav,44.1 kHz,16 bits,DEE29E43BA4346163242A250F83DE735,md5,MD-138,2003-02-01,unknown,"Pam Africa, Vessala Mohammad Vay","African American, Race, Activism, Legislation","The PSU Black Student Union organized this event on campus at Portland State University during Black History Month, with cosponsorship from Reflections Bookstore. Pam Africa speaks on the difference between //reparation// and //reparations//. Africa speaks about the need to continue to agitate and educate people of all communities about how acquiring reparations is an issue of unity and not division for the working class. She encourages attendees to organize within their unions, churches, community groups, and schools around the demand of reparations. Vessala Mohammad Vay discusses the legislative efforts to achieve reparations, including John Conyers H.R. 40.",,Non-Saleable,,1619 - 2003,"United States, Pacific Northwest",,,,,,,,,,,,,
79,Devorah Brous Lectures Israeli-Palestinian Peace Initiatives at the First Congregational Church,,KBOO,digitized in house,KBOO Archives Room,Mono,Minidisc,00:58:25,kboo_MD-137_20020811.mp3,kboo_MD-137_20020811.wav,295 MB,mono,wav,44.1 kHz,16 bits,8D6F2731FEE1EDE14318D549F0414B7E,md5,MD-137,2002-08-11,unknown,"Spider Moccasin, Trish Nelson, Devorah Brous","Global Affairs, War/Peace, Civil Rights/Human Rights","Devorah Brous speaks at the First Congregational Church in Portland at an event sponsored by Building Bridges for Peace in the Middle East, KBOO, and other local organizations. In this edited recording, Brous speaks about grassroots movements for peace in Israel and the need to reframe social justice work from struggle to celebration. She address issues of settlement, terror, and constructing relationships between Palestinians and Israelis for peace. An edited recording of the Q&A follows Brous' speech. Spider Moccasin, the outreach director for KBOO, introduces the values of the community radio station and its cosponorship of the event. Middle East Peace Lecture and the First Congregational Church",,Non-Saleable,,,"Middle East, Palestine, Israel",,,,,,,,,,,,,
78,"Responsible Wealth: William Gates, Sr. and Chuck Collins Speak at the First Unitarian Church of Portland",,KBOO,digitized in house,KBOO Archives Room,Mono,Minidisc,01:23:11,kboo_MD-136_20030206.mp3,kboo_MD-136_20030206.wav,420 MB,mono,wav,44.1 kHz,16 bits,F45F7E64F60847A6B643246684E2E0F3,md5,MD-136,2003-02-06,unknown,"William Gates Sr., Chuck Collins, Kate Lore","Economy, Legislation","Presented by the Economic Justice Action Group (EJAG) of the First Unitarian Church of Portland, Responsible Wealth, and United for a Fair Economy. Chuck Collins and William Gates Sr. discuss their book, Wealth and Our Commonwealth (2003), and the actions needed to address economic inequality in the United States and preserve the estate tax. The recording includes a Q&A following the presentation.",,Non-Saleable,,,United States,,,,,,,,,,,,,
77,Reclaim Democracy: An evening with Jim Hightower,,KBOO,digitized in house,KBOO Archives Room,Mono,Minidisc,01:06:20,kboo_MD-135_20000427.mp3,kboo_MD-135_20000427.wav,335 MB,mono,wav,44.1 kHz,16 bits,4A03E66367DD219F789A7B5A2C937624,md5,MD-135,2000-04-27,unknown,Jim Hightower,"Activism, Labor, Government/Politics, Economy",,eps00127,Saleable,,,"Portland, Oregon, United States",,,,,,,,,,,,,
76,Powell's Bookstore: Sandra Steingraber on Having Faith: An Ecologist's Journey to Motherhood (2003),,KBOO,digitized in house,KBOO Archives Room,Mono,Minidisc,00:57:08,kboo_MD-134_20010507.mp3,kboo_MD-134_20010507.wav,288 MB,mono,wav,44.1 kHz,16 bits,2F3B6564A5CD2E5EB4D505BA156FBCB5,md5,MD-134,2001-05-07,unknown,Sandra Steingraber,"Gender, Health, Women, Family","Steingraber speaks at Powell's books about her new book Having Faith which includes topics like pregnancy, cancer, toxic chemicals and breast feeding. She also talks about how smoking and air pollution can affect the rate of survival of eggs and sperm. Steingarber is nursing a baby while giving this lecture. She also talks about breastfeeding versus bottle feeding and the intelligence of the baby. The latter part of her read can get pretty graphic.",,Non-Saleable,,,,,,,,,,,,,,,,
75,"Peace, Justice and Civil Liberties Conference: Ryan Amundson and Kevin Danaher",,KBOO,digitized in house,KBOO Archives Room,Mono,Minidisc,01:24:56,kboo_MD-133_20021112.mp3,kboo_MD-133_20021112.wav,429 MB,mono,wav,44.1 kHz,16 bits,D0C253C0FAC42048EAD25D120220588B,md5,MD-133,2002-11-12,unknown,"Ryan Amundson, Kevin Danaher","War/Peace, Military/Veterans, Civil Rights/Human Rights","Ryan Amundson and Kevin Danaher speak at the Peace, Justice and Civil Liberties Conference at the University of Oregon, Eugene. November 11 - 17, 2002. Amundson introduces a film (not recorded) and then speaks about the death of his brother as result of the terror attacks of 9/11. He also speaks about founding Peaceful Tomorrows and his work with the Afghan Victims Fund. Danaher discusses a range of political, economic, and global issues as well as his work founding Global Exchange, the Green Festival, and his participation in the World Social Forums. Danaher discusses the need for economic democracy and grassroots globalization.",,Non-Saleable,,,"United States, Afghanistan, Iraq",,,,,,,,,,,,,
74,"Jello Biafra at the Crystal Ballroom, Portland, Oregon",,KBOO,digitized in house,KBOO Archives Room,Mono,Minidisc,01:59:53,kboo_MD-132_20021004.mp3,kboo_MD-132_20021004.wav,605 MB,mono,wav,44.1 kHz,16 bits,D0460AB0625D33FF8BE64AF2606A9484,md5,MD-132,2002-10-04,unknown,Jello Biafra,"Activism, Humor, Government/Politics","Jello Biafra, former member of the band Dead Kennedys, speaks about politics, war, and activism.",,Non-Saleable,,,,,,,,,,,,,,,,
73,MD-130 title,,Radio Nation,digitized in house,KBOO Archives Room,Stereo,Minidisc,00:55:48,kboo_MD-130.mp3,kboo_MD-130.wav,563 MB,stereo,wav,44.1 kHz,16 bits,1D6754312BCC06BEC7A73A5EAE15012F,md5,MD-130,,unknown,Howard Dean,Activism,,eps00092,Non-Saleable,,,,,,,,,,,,,,,,
72,5th Annual International Festival of Raw and Living Food,,KBOO,digitized in house,KBOO Archives Room,Mono,Minidisc,00:57:29,kboo_MD-127_2003.mp3,kboo_MD-127_2003.wav,290 MB,mono,wav,44.1 kHz,16 bits,4F984A100CE261315D32424EAB99B938,md5,MD-127,2003,unknown,Mel Reslor,"Food, Health",,eps00128,Saleable,,2003 - 2004,Oregon,,,,,,,,,,,,,
71,Facing Earth Day 2000: Howard Lyman,,KBOO,digitized in house,KBOO Archives Room,Mono,Minidisc,01:29:01,kboo_MD-126_20000419.mp3,kboo_MD-126_20000419.wav,449 MB,mono,wav,44.1 kHz,16 bits,C9DE38D3B3584CB51FF68C247B34AE2C,md5,MD-126,2000-04-19,unknown,"Howard Lyman, Mel Reslor","Animals, Agriculture, Health, Environment/Climate, Food",,eps00126,Saleable,,,"United States, England",,,,,,,,,,,,,
70,Dr. Neal Barnard: Breaking the Food Seduction,,KBOO,digitized in house,KBOO Archives Room,Mono,Minidisc,01:27:43,kboo_MD-125p2_19990200.mp3,kboo_MD-125p2_19990200.wav,443 MB,mono,wav,44.1 kHz,16 bits,59A1BF162887B8B8457558FC7D093E1D,md5,MD-125p2,1999-02-00,unknown,Neal Barnard,"Food, Health",,eps00122,Saleable,,,United States,,,,,,,,,,,,,
69,Dr. Neal Barnard: Breaking the Food Seduction,,KBOO,digitized in house,KBOO Archives Room,Mono,Minidisc,00:38:06,kboo_MD-125p1_19990200.mp3,kboo_MD-125p1_19990200.wav,192 MB,mono,wav,44.1 kHz,16 bits,4CA80800EB43D19F9A899EEA993A3B3A,md5,MD-125p1,1999-02-00,unknown,"Carol Merrick, Neal Barnard","Food, Health",,eps00122,Saleable,,,United States,,,,,,,,,,,,,
68,Public Interest Environmental Law Conference 2002,,KBOO,digitized in house,KBOO Archives Room,Mono,Minidisc,00:42:19,kboo_MD-122p2_20020309.mp3,kboo_MD-122p2_20020309.wav,214 MB,mono,wav,44.1 kHz,16 bits,AC42CC4EDEF8C39EC3F8F8B62D0E9892,md5,MD-122p2,2002-03-09,unknown,Linda Krop,"Environment/Climate, Law/Courts/Crime","The Public Interest Environmental Law Conference at the University of Oregon March 7 - 10, 2002. Keynote Address by Linda Krop on Saturday, March 9th.",eps00121,Saleable,,,"Alaska, United States",,,,,,,,,,,,,
67,Public Interest Environmental Law Conference 2002,,KBOO,digitized in house,KBOO Archives Room,Mono,Minidisc,00:53:41,kboo_MD-122p1_20020308.mp3,kboo_MD-122p1_20020308.wav,271 MB,mono,wav,44.1 kHz,16 bits,9F3A90BC6837EDC347E189738C530F78,md5,MD-122p1,2002-03-08,unknown,Ralph Nader,"Environment/Climate, Law/Courts/Crime, Government /Politics","The Public Interest Environmental Law Conference at the University of Oregon March 7 - 10, 2002. Keynote Address by Ralph Nader on Friday, March 8th. Audio recording quality is poor.",eps00121,Saleable,,,"United States, Oregon",,,,,,,,,,,,,
66,"Ralph Nader Speech in Portland, Oregon",,KBOO,digitized in house,KBOO Archives Room,Stereo,Minidisc,00:56:13,kboo_MD-121_20000525.mp3,kboo_MD-121_20000525.wav,568 MB,stereo,wav,44.1 kHz,16 bits,8E6597A97E15BCB04B2738963BAFFE5C,md5,MD-121,2000-05-25,unknown,Ralph Nader,"Government/Politics, Economy, Corporations",,eps00120,Saleable,,2000,"United States, Oregon",,,,,,,,,,,,,
65,Foods that Fight Pain with Dr. Neal Barnard,,KBOO,digitized in house,KBOO Archives Room,Mono,Minidisc,00:57:45,kboo_MD-117_19990200.mp3,kboo_MD-117_19990200.wav,292 MB,mono,wav,44.1 kHz,16 bits,9C2C47CC66763AD041CC3E0B060BB08A,md5,MD-117,1999-02-00,unknown,"Neal Barnard, Mel Reslor","Food, Health","This episode of the KBOO Lecture series features an edited speech by Dr. Neal Barnard from 1999 (full recording is found on MD-125.1 and MD-125.2). Barnard speaks about his book Fighting the Food Seduction (2001). Barnard's research food health and is founder of Physicians Committee for Responsible Medicine. He discusses the relationship between food and good health, specifically how food can fight pain",,Non-Saleable,,1999,United States,,,,,,,,,,,,,
64,Michael Ruppert at First Congregational Church,,KBOO,digitized in house,KBOO Archives Room,Mono,Minidisc,00:28:29,kboo_MD-092d2_20020412.mp3,kboo_MD-092d2_20020412.wav,144 MB,mono,wav,44.1 kHz,16 bits,6598BA0B8A7E0C36AE0657447DF8B8E5,md5,MD-092d2,2002-04-12,unknown,Michael Ruppert,"Drugs, Police, Government/Politics",,eps00094,Saleable,,1978 - 2001,United States,,,,S:StaffAnalog Archive Project_finalminidisc,,,,,,,,,
63,Michael Ruppert at First Congregational Church,,KBOO,digitized in house,KBOO Archives Room,Mono,Minidisc,02:21:11,kboo_MD-092d1_20020412.mp3,kboo_MD-092d1_20020412.wav,718 MB,mono,wav,44.1 kHz,16 bits,A7B3EC97ACC8FF1CBAEC2F1DEB497262,md5,MD-092d1,2002-04-12,unknown,Michael Ruppert,"Drugs, Police, Government/Politics",,eps00094,Saleable,,1978 - 2001,United States,,,,S:StaffAnalog Archive Project_finalminidisc,,,,,,,,,
62,Rabbis for Human Rights,,KBOO,digitized in house,KBOO Archives Room,Stereo,Minidisc,00:24:45,kboo_MD-091d2_20030503.mp3,kboo_MD-091d2_20030503.wav,250 MB,stereo,wav,44.1 kHz,16 bits,0D39F8C1E0E208D11F5294C65192D712,md5,MD-091d2,2003-05-03,unknown,Arik Ascherman,"Global Affairs, Civil Rights/Human Rights, Faith/Religion/Spirituality","Rabbi Arik Ascherman of Rabbis For Human Rights, speaks to a Portland about  talks about the work for peace and justice in Israel and the Occupied Territories. During the introduction of Ascherman, who's a human rights activist, the first speaker aknowledges the controversy of him speaking to the Jewish community in Portland. Acsherman discusses how social justice and human rights are important facets of the Torah. In this recording, Ascherman answers questiosn from the audience.",eps00119,Saleable,,,"Israel, Palestine",,,,S:StaffAnalog Archive Project_finalminidisc,,,,,,,,,
61,Rabbis for Human Rights,,KBOO,digitized in house,KBOO Archives Room,Stereo,Minidisc,01:01:01,kboo_MD-091d1_20030503.mp3,kboo_MD-091d1_20030503.wav,616 MB,stereo,wav,44.1 kHz,16 bits,5982C3FDB0163847FFC2DA2FAA7D2D4C,md5,MD-091d1,2003-05-03,unknown,Arik Ascherman,"Global Affairs, Civil Rights/Human Rights, Faith/Religion/Spirituality",,eps00119,Saleable,,,"Israel, Palestine",,,,S:StaffAnalog Archive Project_finalminidisc,,,,,,,,,
60,"Bridging Sorrow: Victims to Victims Delegation, Rebuilding Afghanistan",,KBOO,digitized in house,KBOO Archives Room,Mono,Minidisc,00:56:58,kboo_MD-087_20021022.mp3,kboo_MD-087_20021022.wav,288 MB,mono,wav,44.1 kHz,16 bits,3D9D23AB5580A0233CEEDAF19F051192,md5,MD-087,2002-10-22,unknown,Medea Benjamin,"War/Peace, Global Affairs, Military/Veterans",Portland State University's Progressive Student Union hosts Medea Benjamin at the Smith Memorial Center's Ballroom to discuss her work connecting people from the United States and Afghanistan.,eps00091,Saleable,,2001 - 2002,"United States, Afghanistan",,,,S:StaffAnalog Archive Project_finalminidisc,,,,,,,,,
59,Michael Ruppert Interview by Per Fagereng,,KBOO,digitized in house,KBOO Archives Room,Mono,Minidisc,00:56:39,kboo_MD-086_20030923.mp3,kboo_MD-086_20030923.wav,286 MB,mono,wav,44.1 kHz,16 bits,5D6C6DE9C55246827B7E6065FFD02600,md5,MD-086,2003-09-23,unknown,"Michael Ruppert, Per Fagereng","Government/Politics, Activism",,eps00079,Saleable,,,United States,,,,S:StaffAnalog Archive Project_finalminidisc,CS-1050,,,,,,,,
58,Health Effects of Depleted Uranium,,KBOO,digitized in house,KBOO Archives Room,Mono,Minidisc,01:26:18,kboo_MD-085d2_20031008.mp3,kboo_MD-085d2_20031008.wav,436 MB,mono,wav,44.1 kHz,16 bits,A93B0EB5E091A387B2668FCB2A10A5FB,md5,MD-085d2,2003-10-08,unknown,Douglas Rokke,"Military/Veterans, War/Peace, Health","Dr. Douglas Rokke speaks at the First Unitarian Church in Portland, Oregon about the Health Effects of Depleted Uranium. He speaks about his experience cleaning up depleted uranium following the Gulf War and treating veterans exposed to depleted uranium. The event was coordinated by Peace and Justice Works and the Iraq Affinity Group and cosponsored by several other community groups. Edited Version.",eps00090,Saleable,,1990 - 2003,"United States, Middle East, Iraq",Master: edited,,,S:StaffAnalog Archive Project_finalminidisc,,,,,,,,,
57,Health Effects of Depleted Uranium,,KBOO,digitized in house,KBOO Archives Room,Mono,Minidisc,01:27:04,kboo_MD-085d1_20031008.mp3,kboo_MD-085d1_20031008.wav,439 MB,mono,wav,44.1 kHz,16 bits,1F870FBBD028E454B49551C471B01AF8,md5,MD-085d1,2003-10-08,unknown,Douglas Rokke,"Military/Veterans, War/Peace, Health","Dr. Douglas Rokke speaks at the First Unitarian Church in Portland, Oregon about the Health Effects of Depleted Uranium. He speaks about his experience cleaning up depleted uranium following the Gulf War and treating veterans exposed to depleted uranium. The event was coordinated by Peace and Justice Works and the Iraq Affinity Group and cosponsored by several other community groups. Unedited Version.",eps00090,Saleable,,1990 - 2003,"United States, Middle East, Iraq",Original,,,S:StaffAnalog Archive Project_finalminidisc,,,,,,,,,
56,Paul Krugman on The Great Unraveling: Losing Our Way In the New Century (2003),,KBOO,digitized in house,KBOO Archives Room,Mono,Minidisc,01:14:52,kboo_MD-084_20031011.mp3,kboo_MD-084_20031011.wav,378 MB,mono,wav,44.1 kHz,16 bits,07036BBE806043F1AF2CB47C9DFED0E5,md5,MD-084,2003-10-11,unknown,"Dale Wright, Paul Krugman","Economy, Government/Politics",,eps00118,Saleable,Broadcast Info,,United States,,,,S:StaffAnalog Archive Project_finalminidisc,,,,,,,,,
55,"Sandra Steingraber Lecture - Protecting the First Environment: Ecological Threats to Women, Pregnancy and Breast Milk",,KBOO,digitized in house,KBOO Archives Room,Mono,Minidisc,01:32:23,kboo_MD-083_20030816.mp3,kboo_MD-083_20030816.wav,466 MB,mono,wav,44.1 kHz,16 bits,380BACB5A4E887B30B25827F4EFD7323,md5,MD-083,2003-08-16,unknown,"Cynthia Bye, Sandra Steingraber","Women, Health, Family","Author and ecologist, Sandra Steingraber delivers a lecture entitled //Protecting the First Environment: Ecological Threats to Women, Pregnancy and Breast Milk// at the Oregon Convention Center. Steingraber is author of Having Faith: an Ecologist's Journey to Motherhood (2001). Sponsored by Rachel?s Friends Breast Cancer Coalition, American Association of Naturopathic Physicians, and Oregon Toxics Alliance.",eps00117,Saleable,,,,,,,S:StaffAnalog Archive Project_finalminidisc,,,,,,,,,
54,Eric Schlosser on Fast Food Nation: The Dark Side of the All-American Meal,,KBOO,digitized in house,KBOO Archives Room,Mono,Minidisc,01:04:47,kboo_MD-082_20020123.mp3,kboo_MD-082_20020123.wav,327 MB,mono,wav,44.1 kHz,16 bits,16431D0D951391CAC1BF77B370703F8B,md5,MD-082,2002-01-23,unknown,Eric Schlosser,"Food, Economy, Corporations, Labor, Activism, Community Building",,eps00116,Saleable,,1940 - 2002,"Portland, Oregon, United States",,,,S:StaffAnalog Archive Project_finalminidisc,,,,,,,,,
53,"Eric Schlosser speaks at the First Congregational Church in Portland, Oregon about his book Reefer Madness: Sex, Drugs, and Cheap Labor in the American Black Market (2003).",,KBOO,digitized in house,KBOO Archives Room,Mono,Minidisc,01:00:26,kboo_MD-081p2_20030513.mp3,kboo_MD-081p2_20030513.wav,305 MB,mono,wav,44.1 kHz,16 bits,F4D19CAB0F79CF6B186D1D524F7B6825,md5,MD-081p2,2003-05-13,unknown,Eric Schlosser,"Activism, Drugs","Eric Schlosser speaks at the First Congregational Church in Portland, Oregon about his book Reefer Madness: Sex, Drugs, and Cheap Labor in the American Black Market (2003).",eps00028,Saleable,,,United States,,,,S:StaffAnalog Archive Project_finalminidisc,CD-0166;MD-081.1,1:00:26,,,,,,,
52,"Eric Schlosser speaks at the First Congregational Church in Portland, Oregon about his book Reefer Madness: Sex, Drugs, and Cheap Labor in the American Black Market (2003).",,KBOO,digitized in house,KBOO Archives Room,Mono,Minidisc,00:29:44,kboo_MD-081p1_20030513.mp3,kboo_MD-081p1_20030513.wav,150 MB,mono,wav,44.1 kHz,16 bits,D1451C620BDCCC110938DDE6AC13B900,md5,MD-081p1,2003-05-13,unknown,"Eric Schlosser, Michelle Schroeder Fletcher","Activism, Drugs","Eric Schlosser, author of Reefer Madness: Sex, Drugs, and Cheap Labor in the American Black Market (2003), is interviewed by Michelle Schroeder Fletcher for KBOO.",eps00028,Saleable,,,United States,,,,S:StaffAnalog Archive Project_finalminidisc,CD-0166;MD-081.2,0:29:44,,,,,,,
51,Community Action Forum: Medea Benjamin,,KBOO,digitized in house,KBOO Archives Room,Mono,Minidisc,01:02:25,kboo_MD-080_20030819.mp3,kboo_MD-080_20030819.wav,315 MB,mono,wav,44.1 kHz,16 bits,980BADD008EEA8D7A4B75F0A81AAE263,md5,MD-080,2003-08-19,unknown,Medea Benjamin,"War/Peace, Global Affairs",,eps00115,Saleable,,2003,"Iraq, Middle East",,,,S:StaffAnalog Archive Project_finalminidisc,,1:02:25,,,,,,,
50,"Unanswered Questions: 9/11 and the Public Safety, Seeking Answers & Accountability",,KBOO,digitized in house,KBOO Archives Room,Stereo,Minidisc,01:27:44,kboo_MD-078_20020610.mp3,kboo_MD-078_20020610.wav,886 MB,stereo,wav,44.1 kHz,16 bits,1F0831216F9011386DF079763CA1AF4A,md5,MD-078,2002-06-10,unknown,"Catherine Austin Fitts, Julie Sweeney, Lorna Brett, Mike Ruppert, John Judge, Mike Springman",Government/Politics,,eps00114,Saleable,,2001,United States,,,,S:StaffAnalog Archive Project_finalminidisc,,1:27:44,,,,,,,
49,Public Interest Environmental Law Conference 2003,,KBOO,digitized in house,KBOO Archives Room,Stereo,Minidisc,00:50:05,kboo_MD-075_20030308.mp3,kboo_MD-075_20030308.wav,506 MB,stereo,wav,44.1 kHz,16 bits,096A3F09FD51D86FA341E3C84E795070,md5,MD-075,2003-03-08,unknown,Robert Bullard,"Environment/Climate, Energy/Natural Resources, Race, African American","The Public Interest Environmental Law Conference (PIELC) at the University of Oregon March 6 - 9, 2003. Keynote Address by Dr. Robert D. Bullard on March 8th. Bullard discusses environemental racism and community organizing in the South in the 1970s.",eps00109,Saleable,,,United States,,,,S:StaffAnalog Archive Project_finalminidisc,,,,,,,,,
48,Genetically Engineered Food Educational Forum,,KBOO,digitized in house,KBOO Archives Room,Mono,Minidisc,00:35:59,kboo_MD-047_20020907.mp3,kboo_MD-047_20020907.wav,182 MB,mono,wav,44.1 kHz,16 bits,C7D79FBEE5338AC3E73772D628D3A1D8,md5,MD-047,2002-09-07,unknown,"John Robbins, Jeanne Merrill","Science/Technology, Agriculture","Jeanne Merrill on GMOs, Genetically Engineered Food Educational Forum, First Unitarian Church, Portland",eps00113,Saleable,Broadcast Info,,,,,,S:StaffAnalog Archive Project_finalminidisc,,0:36:00,,,,,,,
47,Book Reading: Fast Food Nation,,KBOO,digitized in house,KBOO Archives Room,Mono,Minidisc,00:28:36,kboo_MD-044_20020123.mp3,kboo_MD-044_20020123.wav,144 MB,mono,wav,44.1 kHz,16 bits,10FE34337FF4EA460612BE60E261D5E5,md5,MD-044,2002-01-23,unknown,"Eric Schlosser, Mel Reslor","Food, Corporations, Health",Health Watch's edited broadcast of Eric Schlosser's book reading at Powell's Bookstore,eps00112,Saleable,Broadcast Info,,United States,,,,S:StaffAnalog Archive Project_finalminidisc,,0:28:36,,,,,,,
46,Government Emergency Powers Special Spring 2003 Membership compilation,,KBOO,digitized in house,KBOO Archives Room,Mono,Minidisc,01:58:39,kboo_MD-043_20030326.mp3,kboo_MD-043_20030326.wav,706 MB,mono,wav,44.1 kHz,16 bits,CB21F5C61A5BBE6E29B749766FA96EF6,md5,MD-043,2003-03-26,unknown,"Andrew Geller (KBOO), Theresa Mitchell (KBOO), Lisa Hamid (KBOO), Francis Boyle (KBOO), Ani Haines (KBOO), Joseph Onek (KBOO), Bill Olson (KBOO), Wayne Madson (KBOO), Frank Morales (KBOO), Dave Lindorff (KBOO)","Government/Politics, Law/Court/Crime, Military/Veterans, Police, War/Peace, Activism","Edited Master. Government Emergency Powers Special compilation for the Spring 2003 Membership Drive Premium CDs. This collection of recordings focuses on executive powers leading up to the Iraq War and the domestic police state. At 0:46:00, an audio essay discusses how even the Portland zoobombers being targeted by police surveliance. The last 15-minutes of the show feature call in questions from the public for Dave Lindorff.",eps00111,Saleable,,2003,United States,Master: edited,,,S:StaffAnalog Archive Project_finalminidisc,,1:58:39,,,,,,,
45,Annie Bloom's Book: Winona LaDuke speaks on The Winona LaDuke Reader: A Collection of Essential Writings (2002),,KBOO,digitized in house,KBOO Archives Room,Stereo,Minidisc,00:52:02,kboo_MD-042_20020804.mp3,kboo_MD-042_20020804.wav,525 MB,stereo,wav,44.1 kHz,16 bits,92E7E3156CEBA865B05813229BFD2976,md5,MD-042,2002-08-04,unknown,"Luke Warm Water, Winona LaDuke","Indigenous, Poetry","Annie Bloom's Books hosts Winona LaDuke. Luke Warm Water begins the event with a reading of his poetry, including //The Jesus of Pine Ridge, // //John Wayne's Bullet, // and //Are You Hungry for Pizza?//. LaDuke speaks about living in Minnesota and her non-profit grassroots communituy organizing and activism. She is currently organizing around the issue of wild rice farming within the indigenous community of Minnesota, where the University of Minnestoa and big business are patenting and engiennering wild rice. Following the speech she answers audeince questions.",,Non-Saleable,,,North America,,,,S:StaffAnalog Archive Project_finalminidisc,,0:52:02,,,,,,,
44,Public Interest Environmental Law Conference 2003,,KBOO,digitized in house,KBOO Archives Room,Stereo,Minidisc,00:35:45,kboo_MD-041p2__20030309.mp3,kboo_MD-041p2__20030309.wav,361 MB,stereo,wav,44.1 kHz,16 bits,0D232F69E2A458FB8A0FBB5F5A4B434C,md5,MD-041p2,2003-03-09,unknown,Dolores Huerta,"Environment/Climate, Energy/Natural Resources, Labor, Women","The Public Interest Environmental Law Conference (PIELC) at the University of Oregon March 6 - 9, 2003. Keynote Address by Dolores Huerta on Thursday, March 9th. Huerta co-founded the United Farm Workers of America, along with Cesar Chavez in 1962. Trained as a teacher, she turned to direct action to eliminate the brutal conditions of poverty that defined the lives of her young students in the 1950's. Huerta discusses consumerism and environmental hazard to farm workers and their children.",eps00109,Saleable,,,United States,Original,,,S:StaffAnalog Archive Project_finalminidisc,,0:35:45,,,,,,,
43,Public Interest Environmental Law Conference 2003,,KBOO,digitized in house,KBOO Archives Room,Stereo,Minidisc,00:16:46,kboo_MD-041p1_20030309.mp3,kboo_MD-041p1_20030309.wav,169 MB,stereo,wav,44.1 kHz,16 bits,4C1F57D0445FAC77924F68B3717237CE,md5,MD-041p1,2003-03-09,unknown,Fatima Jibrell,"Environment/Climate, Energy/Natural Resources, Labor","The Public Interest Environmental Law Conference (PIELC) at the University of Oregon March 6 - 9, 2003. Keynote Address by Fatima Jibrell on Thursday, March 9th. Jibrell is the Executive Director of Horn Relief, has faced war, drought, and harassment while working to organize women and protecting natural resources in Somalia. She achieved a major victory by securing an enforced ban on the export of charcoal from the Puntland government in northeast Somalia. Mrs. Jibrell is the 2002 recipient of the Goldman Environmental Prize for her work and leadership in creating an environmental movement to protect diminishing natural resources in Somalia.",eps00109,Saleable,,,"Somalia, Saudia Arabia",Original,,,S:StaffAnalog Archive Project_finalminidisc,,0:16:46,,,,,,,
42,Public Interest Environmental Law Conference 2003,,KBOO,digitized in house,KBOO Archives Room,Stereo,Minidisc,00:56:45,kboo_MD-040p2_20030306.mp3,kboo_MD-040p2_20030306.wav,573 MB,stereo,wav,44.1 kHz,16 bits,4E4BA479F3D4F643E7A431724E99BDCF,md5,MD-040p2,2003-03-06,unknown,Vandana Shiva,"Environment/Climate, Energy/Natural Resources","The Public Interest Environmental Law Conference (PIELC) at the University of Oregon March 6 - 9, 2003. Keynote Address by Vanda Shiva on Thursday, March 6th. Shiva ispeaks about founding the Research Foundation for Science Technology and Natural Resource Policy and her work in connecting women and the environmental movement. She discusses globalization and threats to the indegenous communities, cultures, and environments.",eps00109,Saleable,,,India,Original,,,S:StaffAnalog Archive Project_finalminidisc,,0:56:45,,,,,,,
41,Public Interest Environmental Law Conference 2003,,KBOO,digitized in house,KBOO Archives Room,Stereo,Minidisc,00:46:07,kboo_MD-040p1_20030306.mp3,kboo_MD-040p1_20030306.wav,466 MB,stereo,wav,44.1 kHz,16 bits,E43598C52459436F36A725DB1D4CE919,md5,MD-040p1,2003-03-06,unknown,Jim Dipeso,"Environment/Climate, Energy/Natural Resources, Government/Poltics","Jim DiPeso: Republicans for Environmental Protection. The Public Interest Environmental Law Conference (PIELC) at the University of Oregon March 6 - 9, 2003. Keynote Address by Jim DiPeso on Thursday, March 6th. Dispeso is member of REP America, a national grassroots organization of republicans for environment protection. DiPepso speaks on the forgotten tradition of conservationism within the Republican party from Lincoln to Nixon. The crowd repeatedly jeers at DiPeso particularly when he speaks about Nixon and George W. Bush.",eps00109,Saleable,,,United States,Original,,,S:StaffAnalog Archive Project_finalminidisc,,0:46:07,,,,,,,
40,"Earth Democracy: Creating Alternatives for Peace, Democracy and Justice",,KBOO,digitized in house,KBOO Archives Room,Mono,Minidisc,00:54:50,kboo_MD-039_20021120.mp3,kboo_MD-039_20021120.wav,277 MB,mono,wav,44.1 kHz,16 bits,2C5DDF0AA8A6FE0CC3BA90959DC594A9,md5,MD-039,2002-11-20,unknown,,"Environment/Climate, Corporations, Economy","Vandana Shiva at Oregon State University, Corvallis. Oregon State University's (OSU) Convocations and Lectures Committee hosts Vandana Shiva at OSU's LaSells Stewart Center. Shiva and others have proposed an alternative economy in which corporations are dismantled in favor of smaller enterprises owned by workers, customers and other local groups. She contends such a change would give communities the power to tackle poverty, create jobs, ensure plentiful food and reduce demand for fossil fuels.",eps00108,Saleable,,,,,,,S:StaffAnalog Archive Project_finalminidisc,,0:54:50,,,,,,,
39,Ralph Nader at Lewis and Clark College,,KBOO,digitized in house,KBOO Archives Room,Mono,Minidisc,01:27:03,kboo_MD-037_20021006.mp3,kboo_MD-037_20021006.wav,439 MB,mono,wav,44.1 kHz,16 bits,0FF22769D7BB3A81947E32EEAD5D099D,md5,MD-037,2002-10-06,unknown,Ralph Nader,"Government/Politics, Activism, Corporations, War/Peace","Lewis and Clark College's Students Organized for Activities and the Student Activities Office host Ralph Nader at the Pamplin Sports Center. Nader speaks on his most recent book Crashing the Party: How to Tell the Truth and Still Run for President (2003) and the commercialization of all aspects of American society, corporate crime, and what it means to be a citizen. He also addresses the anticipated war in Iraq. Unedited version.",eps00107,Saleable,,2000 - 2002,United States,Original,,,S:StaffAnalog Archive Project_finalminidisc,,1:27:03,,,,,,,
38,Ralph Nader at Lewis and Clark College,,KBOO,digitized in house,KBOO Archives Room,Mono,Minidisc,01:10:04,kboo_MD-036_20021006.mp3,kboo_MD-036_20021006.wav,354 MB,mono,wav,44.1 kHz,16 bits,735C15781506D1FDFF59A579733F5245,md5,MD-036,2002-10-06,unknown,Ralph Nader,"Government/Politics, Activism, Corporations, War/Peace",Edited version.,eps00107,Saleable,,2000 - 2002,United States,Master: edited,,,S:StaffAnalog Archive Project_finalminidisc,,1:10:04,,,,,,,
37,MD-032 title,,KBOO,digitized in house,KBOO Archives Room,Mono,Minidisc,00:58:26,kboo_MD-032_20020507.mp3,kboo_MD-032_20020507.wav,295 MB,mono,wav,44.1 kHz,16 bits,12C66CECAEFF63CEFA4B59584F710892,md5,MD-032,2002-05-07,unknown,"Jeff Merkley, Michael Tarazi","Global Affairs, War/Peace","The Oregon World Affairs Council invites Michael Tarazi to speak on his experience as an advisor to Yasser Arafat of the Palestine Liberation Organization (PLO). He specifically address three topics: the 2000 Camp David accord, what are the roots of the current crisis between Israel and Palestine, and what is needed to move forward.",,Non-Saleable,Broadcast Info,2000 - 2002,"Middle East, Palestine, Israel",,,,S:StaffAnalog Archive Project_finalminidisc,,0:58:26,,,,,,,
36,Rozalind Gruben: Inspiration to Exercise,,KBOO,digitized in house,KBOO Archives Room,Mono,Minidisc,00:59:01,kboo_MD-031_2001.mp3,kboo_MD-031_2001.wav,298 MB,mono,wav,44.1 kHz,16 bits,C06538074643F61C96629AFBAB9E52A6,md5,MD-031,2001,unknown,"Rozalind Gruben, Mel Reslor, Linda Fram",Health,"Rozalind Gruben speaks at the 2001 Festival of Raw and Living Foods on the KBOO weekly lecture series. The title of her presentation is Inspiration to Exercise. Following the presentation, Reslor interviews Linda Fram about the 2002 Raw Food Festival.",eps00106,Saleable,Broadcast Info,,,,,,S:StaffAnalog Archive Project_finalminidisc,,0:59:01,,,,,,,
35,Federal Case Series: U.S. v. Loudhawk,,KBOO,digitized in house,KBOO Archives Room,Stereo,Minidisc,00:26:43,kboo_MD-019d2_20020201.mp3,kboo_MD-019d2_20020201.wav,270 MB,stereo,wav,44.1 kHz,16 bits,D1F50E1CB80710335E2FB7BE92AADA22,md5,MD-019d2,2002-02-01,unknown,,"Indigenous, Prisons, Law/Court/Crime","Audio recording level is very low. AIM, Peltier, Judge Redden, Sid Lezak",,Non-Saleable,,,United States,,,,S:StaffAnalog Archive Project_finalminidisc,,0:26:43,,,,,,,
34,Federal Case Series: U.S. v. Loudhawk,,KBOO,digitized in house,KBOO Archives Room,Stereo,Minidisc,,kboo_MD-019d1_20020201.mp3,kboo_MD-019d1_20020201.wav,765 MB,stereo,wav,44.1 kHz,16 bits,76AA53BA6015736EBB1F29C5F64642DC,md5,MD-019d1,2002-02-01,unknown,,"Indigenous, Prisons, Law/Court/Crime","Judge Owen Panner?? talks about the case of Loudhawk and how it started. In was 1968 and there was much hostility between natives and whites. The AIM was just founded and they took over the interior building in D.C. and held it for 75 days. Banks and Peltier were involved at Pine Ridge and wounded Knee as well as the D.C. incident. The case was where a group of AIM members were arrested and indicted in November, 1975, on counts of possessing firearms and dynamite. In March, 1976, the Federal District Court granted respondents' motion to suppress evidence relating to the dynamite counts, and the Government promptly filed a notice of appeal and requested a continuance.",,Non-Saleable,,,United States,,,,S:StaffAnalog Archive Project_finalminidisc,,1:14:51,,,,,,,
33,John Kitzhaber State of the State Address,,KBOO,digitized in house,KBOO Archives Room,Stereo,Minidisc,00:49:40,kboo_MD-017_20020201.mp3,kboo_MD-017_20020201.wav,501 MB,stereo,wav,44.1 kHz,16 bits,7479827922A40C23260620AB40B58E28,md5,MD-017,2002-02-01,unknown,,Government/Politics,This an edited recording with the last 4 minutes are missing.,eps00105,Saleable,,,Oregon,,,,S:StaffAnalog Archive Project_finalminidisc,,0:49:40,,,,,,,
32,How Benefits: The Few or the Many? at the Social Justice Fair,,KBOO,digitized in house,KBOO Archives Room,Mono,Minidisc,00:56:50,kboo_MD-014_20020100.mp3,kboo_MD-014_20020100.wav,287 MB,mono,wav,44.1 kHz,16 bits,,,MD-014,2002-01-00,unknown,,"Economics, Activism, War/Peace","The speaker talks about how democracy is not black and white but many shades of gray. She talks about how after 9/11 Bush asked America to go out and support America by shopping, even though America was in a deep recession. She talks about a book called Jihad vs. McWorld and how both versions are destroying the world. She talks about different Middle Eastern countries that are not part of the world trade organization, including Saudi Arabia. The next speaker talks about the //war on terrorism// and how we are not actually at war. He speaks about racism after 9/11 and how it was an ominous sign of what is to come. There is also talk about the Iraq war and what is happening over there and how be will be at war in the Middle East for decades to come. This is followed by a Q&A. Disc listed as //Air Copy//",,Non-Saleable,,,United States,,,,S:StaffAnalog Archive Project_finalminidisc,,0:56:50,,,,,,,
31,Vandana Shiva at First Unitarian Church,,KBOO,digitized in house,KBOO Archives Room,Mono,Minidisc,02:04:37,kboo_MD-011_20000326.mp3,kboo_MD-011_20000326.wav,629 MB,mono,wav,44.1 kHz,16 bits,63BEB7ED25C6925C2FFC88FDB4B60B31,md5,MD-011,2000-03-26,unknown,,Science/Technology,"The tape begins with Vandana Shiva being interviewed, then she speaks at the First Unitarian Church about biodiversity and bio piracy, which is where you steal natures creativity then sue for infringment. She mention Columbus and how he was a bio pirate. She talks about Intellecutal property rights and how you can make a patent on nature and then sue if someone else uses it. The main example she uses is Monsanto.",eps00104,Non-Saleable,,,United States,,,,S:StaffAnalog Archive Project_finalminidisc,,2:04:37,,,,,,,
30,"Why Do They Hate Us?: An Interview with Kennedy Moorhead, former State Department Officer",,KBOO,digitized in house,KBOO Archives Room,Stereo,Minidisc,00:27:56,kboo_MD-002.mp3,kboo_MD-002.wav,282 MB,stereo,wav,44.1 kHz,16 bits,49B6846CDCCD6573876A52482D82257D,md5,MD-002,,unknown,"Moorhead C. Kennedy, Jr.","War/Peace, Faith/Religion/Spirituality","Interview with former U.S. State Department officer Kennedy Moorhead. Moorhead was one of the hostages of the 1979 - 1981 Iranian hostage crisis. He discusses the history and legacy of U.S. foreign policy in the Middle East. He responds to the conclusions of Samuel P. Huntington in his Clash of Civilizations, discusses the U.S. war in Afghanistan, and the future of the Middle East.",eps00096,Saleable,,1979 - 1981,"Iran, Afghanistan, Middle East",,,,S:StaffAnalog Archive Project_finalminidisc,,0:27:56,,,,,,,
29,Ehud Barak at Arlene Schnitzer Concert Hall,,KBOO,digitized in house,KBOO Archives Room,Stereo,Minidisc,00:27:03,kboo_MD-001d3_20011015.mp3,kboo_MD-001d3_20011015.wav,273 MB,stereo,wav,44.1 kHz,16 bits,FADE2B92CFCF9EEBAF5702B4593A4EB4,md5,MD-001d3,2001-10-15,unknown,Ehud Barak,War/Peace,"The audio begins with two unidentifiable previous recordings unrelated to the titled recording of former Israeli Prime Minister Ehud Barak's. The recording is the Q&A following a speech organized by the World Affairs Council of Oregon. Barak responds to questions regarding terrorism, Israeli settlements in Palestine, the war in Afghanistan, Israeli soldiers response to Palestinian youth resistance, the potential for peace between Israel and Palestine",eps00095,Saleable,,,"Middle East, Israel, Palestine",,,,S:StaffAnalog Archive Project_finalminidisc,,0:27:03,,,,,,,
28,Ehud Barak at Arlene Schnitzer Concert Hall,,KBOO,digitized in house,KBOO Archives Room,Stereo,Minidisc,01:10:08,kboo_MD-001d2_20011015.mp3,kboo_MD-001d2_20011015.wav,708 MB,stereo,wav,44.1 kHz,16 bits,79E86877AA5746F96E9398344DF600C4,md5,MD-001d2,2001-10-15,unknown,,War/Peace,"Jeff Merkley, Ron Ragan, and other members of the World Affairs Council of Oregon introduce speaker Ehud Barak, the former Israeli prime minister who speaks at the Arlene Schnitzer Concert Hall in Portland, Oregon. Introductory speakers mention the security concerns that arose for the event as well as protests outside the event. Barak was the first speaker in the Council's Second Annual International Speaker Series. Barak speaks on his experience as prime minister of Israel and addresses the issue of terrorism, peace, and war.",eps00095,Saleable,,,"Middle East, Israel, Palestine",,,,S:StaffAnalog Archive Project_finalminidisc,,1:10:08,,,,,,,
27,Ehud Barak at Arlene Schnitzer Concert Hall,,KBOO,digitized in house,KBOO Archives Room,Stereo,Minidisc,00:32:44,kboo_MD-001d1_20011015.mp3,kboo_MD-001d1_20011015.wav,331 MB,stereo,wav,44.1 kHz,16 bits,D63058568855B3EA3ADD0CAB3AA517B7,md5,MD-001d1,2001-10-15,unknown,Ehud Barak,War/Peace,"Second Annual International Speaker Series #1 Press Conference with Ehud Barak. A press conference held by the World Affairs Council of Oregon featuring Former Israeli Prime Minister Ehud Barak. Barak Speaks about the Middle East, ways of containing terrorism, his personal experience fighting terrorism and how America is leading the fight against terrorism.",eps00095,Saleable,,,"Middle East, Israel",,,,S:StaffAnalog Archive Project_finalminidisc,,0:32:44,,,,,,,
26,7-1620 title,,,digitzed in house,KBOO Archives Room,,1/4 inch audio tape,00:29:00,,,,,,,,,,7-1620,1999-11-30,unknown,John Cavanah,"Corporations, Economy, Global Affairs",spoke at anti-WTO forum,,Non-Saleable,,,,,,,,,,#N/A,,,,,,
25,RadioZine: first Friday Radiozine episode,,KBOO,digitized 4/29/2016 BAVC,KBOO Archives Room,,1/4 inch audio tape,00:10:00,kboo_7-1548_19751003_FridayMagazine.mp3,kboo_7-1548_19751003_FridayMagazine.wav,2.25 GB,stereo,wav,96 kHz,24 bits,4f7ebb0957410b46d79f246dfdd78c3e,md5,7-1548,1975-10-03,unknown,Sue Sargent,"History, Youth",,,Saleable,,,,,,,S:StaffAnalog Archive Project_final10inchreel,,,#N/A,4/29/2016,01:08:48 - native Speed change.,1003960,BAVC barcode,,
24,last report on construction of 20 SE 8th,,KBOO,digitized 4/29/2016 BAVC,KBOO Archives Room,,1/4 inch audio tape,00:05:00,kboo_7-1547_19830131_LastStoppelloReport.mp3,kboo_7-1547_19830131_LastStoppelloReport.wav,105 MB,stereo,wav,96 kHz,24 bits,3aafbd28f0dbe5a8750803ccc836e0da,md5,7-1547,1983-01-31,unknown,Karl Lingenfelder,History,,,Saleable,,,,,,,S:StaffAnalog Archive Project_final10inchreel,,,"loose wind, dusty tape",4/29/2016,only three minutes of content on tape,1003964,BAVC barcode,,
23,Outtakes from the live broadcast of the 30th anniversary celebration interviews,,,digitized 4/29/2016 BAVC,KBOO Archives Room,,1/4 inch audio tape,,kboo_7-1517_19980808_OuttakesFromTheLive.mp3,kboo_7-1517_19980808_OuttakesFromTheLive.wav,522 MB,stereo,wav,96 kHz,24 bits,6d12b6dd0a07a53af82c06db8fce6599,md5,7-1517,1998-08-08,unknown,,History,30th anniversary leftover cuts,,Saleable,,,,,,,S:StaffAnalog Archive Project_final10inchreel,,,loose wind,4/29/2016,added leader to one side of tape stored tails out,1003963,BAVC barcode,,
22,"Musical, narrated vignettes around Oregon. Original creation date is late 1970s, early 1980s per a conversation with Tom Hood. Ernie Hood recorded and created this tape for KBOO.",,KBOO,digitized 5/18/2016 BAVC,KBOO Archives Room,,1/4 inch audio tape,00:55:29,kboo_7-1514_RadioPictures.mp3,kboo_7-1514_RadioPictures.wav,1.80 GB,stereo,wav,96 kHz,24 bits,6205bce5f3acb3621f72b13a13749033,md5,7-1514,1975,content created,Ernie Hood (KBOO),History,,,Saleable,,,,,,,S:StaffAnalog Archive Project_final10inchreel,,,dusty tape,5/18/2016,"tape is in bad condition, could barely play back on machine, slowed down to a stop baked multiple times recorded at 15 ips, slowed down in post",1003961,BAVC barcode,,
21,docu. on KBOO getting evicted,,,digitized 4/22/2016 BAVC,KBOO Archives Room,,1/4 inch audio tape,01:00:00,kboo_7-1503_19771216_KBOONewsandFeedback.mp3,kboo_7-1503_19771216_KBOONewsandFeedback.wav,1.80 GB,stereo,wav,96 kHz,24 bits,d4c111ac76c5a0cae799a42adf1f789d,md5,7-1503,1977-12-16,unknown,,History,,,Saleable,,,,,,,S:StaffAnalog Archive Project_final10inchreel,,,,4/22/2016,audio gets louder without notice a couple times,1003959,BAVC barcode,,
20,KBOO 25th Anniversary: John Talley,,,digitized 5/4/2016 BAVC,KBOO Archives Room,,1/4 inch audio tape,00:30:00,kboo_7-0877_19930912_JohnTalley.mp3,kboo_7-0877_19930912_JohnTalley.wav,1.15 GB,stereo,wav,96 kHz,24 bits,8f2264fcd8266ea9b675753ac67f8e6f,md5,7-0877,1993-09-12,unknown,John Talley,"Indigenous, History",,,Saleable,,,,,,,S:StaffAnalog Archive Project_final10inchreel,,,,5/4/2016,,1003962,BAVC barcode,,
19,Ernie Hood talks about jazz music,,KBOO,digitized 4/29/2016 BAVC,KBOO Archives Room,,1/4 inch audio tape,00:30:00,kboo_7-0762_19730212_ErnieHood.mp3,kboo_7-0762_19730212_ErnieHood.wav,892 MB,stereo,wav,96 kHz,24 bits,0a896496888782e6d95c4303ad58dac5,md5,7-0762,1973-02-12,unknown,Ernie Hood (KBOO),History,"HomerClark, GarthMillerOnJazz.SameAs CD-1783",eps00087,Saleable,,,,,,,S:StaffAnalog Archive Project_final10inchreel,,,,4/29/2016,tape hiss native,1003965,BAVC barcode,,
18,Program three: a series about radio,,KRAB? KBOO?,digitized 5/18/2016 BAVC,KBOO Archives Room,,1/4 inch audio tape,00:56:00,kboo_5-0073_19701220_SeriesAboutRadio_NotComplete.mp3,kboo_5-0073_19701220_SeriesAboutRadio_NotComplete.wav,596 MB,mono,wav,96 kHz,24 bits,4ba766217b0637a2bccf1fe418d5630a,md5,5-0073,1970-12-20,unknown,"Lorenzo Milam (speaker), Al Schwartz (Producer)",History,"With Lorenzo Milam, 12-20-70. 3.75 ips half track, self-contained, 31 minutes. On community radio",,Saleable,,,,,,,S:StaffAnalog Archive Project_final10inchreel,,,uneven wind. ***UNABLE TO RECORD FULL TAKE OF TAPE*** Added leader to beginning of tape. Numerous audio quality issues due to tape degradation.,5/18/2016,***UNABLE TO RECORD FULL TAKE OF TAPE*** Added leader to beginning of tape. Numerous audio quality issues due to tape degradation.,1003967,BAVC barcode,,
17,Program two: a series about radio,,,digitized 4/22/2016 BAVC,KBOO Archives Room,,1/4 inch audio tape,00:56:00,kboo_5-0072_19710126_BillNorthwood.mp3,kboo_5-0072_19710126_BillNorthwood.wav,1.67 GB,mono,wav,96 kHz,24 bits,a1facccf01c1a2668c94695b4444dcb7,md5,5-0072,1971-01-26,unknown,Bill Northwood (KPFA),History,"Bill Northwood (KPFA) on community radio. 3.75 ips half track, self-contained, 56 minutes.",,Saleable,,,,,,,S:StaffAnalog Archive Project_final10inchreel,,,"loose, uneven wind",4/22/2016,,1003969,BAVC barcode,,
16,Program one: a series about radio,,,digitized 4/22/2016 BAVC,KBOO Archives Room,,1/4 inch audio tape,00:56:00,kboo_5-0071_19701213_SeriesAboutRadio.mp3,kboo_5-0071_19701213_SeriesAboutRadio.wav,1020 MB,mono,wav,96 kHz,24 bits,aa069e4cc90cfd2fa67a07d5d59b4643,md5,5-0071,1970-12-13,unknown,Larry Bensky,History,"Larry Bensky of the Airwaves Collective in San Francisco, 12-13-70. Speaks about community radio in the 1960s. 3.75 ips half track, self-contained, 33 minutes. History of San Francisco in the 1960s. Aired January 24, 1971.",,Saleable,,,,,,,S:StaffAnalog Archive Project_final10inchreel,,,loose wind. content on track 1 only,4/22/2016,28:51 - native drop in audio,1003966,BAVC barcode,,
15,Interview with Gus Van Sant,,KBOO,digitized 4/27/2016 BAVC,KBOO Archives Room,,1/4 inch audio tape,00:24:00,kboo_5-0045_19891103_InterviewWithGusVanSant.mp3,kboo_5-0045_19891103_InterviewWithGusVanSant.wav,809 MB,mono,wav,96 kHz,24 bits,c9021db4daaa2c6a452618d039381e25,md5,5-0045,1989-11-03,unknown,"Gus Van Sant (interviewee), D. Lifton (recorded by)",Film,directed Drugstore Cowboy. Interview contains announcement of opening of Film Friday Nov 3.,,Saleable,,,,,,,S:StaffAnalog Archive Project_final10inchreel,,,,4/27/2016,,1003968,BAVC barcode,,
14,10-1216 title,,,digitized in house,KBOO Archives Room,,1/4 inch audio tape,00:56:00,,,,,,,,,,10-1216,2000-05-01,unknown,Brian McWilliams,"Labor, Activism",intvw-pres. of ILWU,,Saleable,,,,,,,,,,#N/A,,,,,,
13,Media distortion of the 1999 Seattle World Trade Organization (WTO) protests,,KBOO,digitized in house,KBOO Archives Room,,1/4 inch audio tape,01:02:00,kboo_10-1142_20000201.mp3,kboo_10-1142_20000201.wav,331 MB,mono,wav,44.1 kHz,16,AE9D832F240B2A2A7179B3F26901DD6C,md5,10-1142,2000-02-01,unknown,,"Media, Government/Politics","Norman Solomon, speaker",eps00082,Saleable,,,,,,,S:StaffAnalog Archive Project_working10-Inch Reel10-1142,CS-1374,1:05:00,#N/A,10/31/2015,Audio distortions start at 00:02:50,,,0:00:00,Episode
12,Early Indian World,,,digitized 4/15/2016 BAVC,KBOO Archives Room,,1/4 inch audio tape,00:43:00,kboo_10-1042_19800614_IndianWorld.mp3,kboo_10-1042_19800614_IndianWorld.wav,1.47 GB,mono,wav,96 kHz,24 bits,7aeda7e3338fa95c513866dbe6138615,md5,10-1042,1980-06-14,unknown,John Talley,"History, Indigenous","1980 Rose Festival pow wow commentary. Warm Springs news, CBC - Walking Eagle; Protest song, NFCB conference. Music - Tom Baste",,Saleable,,,,,,,S:StaffAnalog Archive Project_final10inchreel,,,"small hole loose wind, popped strands",4/15/2016,,1003980,BAVC barcode,,
11,"Open House, new building",,,digitized 2016 BAVC,KBOO Archives Room,,1/4 inch audio tape,00:25:00,kboo_10-0917_19830308_OpenHouseNewBuilding.mp3,kboo_10-0917_19830308_OpenHouseNewBuilding.wav,526 MB,mono,wav,96 kHz,24 bits,3258ef1f2df0cc0eaf06f3641051e507,md5,10-0917,1983-03-08,unknown,,History,open house-new building-20 S.E. 8th,,Saleable,,,,,,,S:StaffAnalog Archive Project_final10inchreel,,,"big hole. tape starts as mono track, becomes stereo, switches back to mono",2016,01:03 - becomes stereo 10:55 - becomes mono,1003978,BAVC barcode,,
10,Black History,,,digitized 5/9/2016 BAVC,KBOO Archives Room,,1/4 inch audio tape,00:40:00,kboo_10-0524_19970907_BlackHistory.mp3,kboo_10-0524_19970907_BlackHistory.wav,1.39 GB,mono,wav,96 kHz,24 bits,e61eeb37031620b21ee9a300f7beebb3,md5,10-0524,1977-09-07,unknown,George Page,"Race, African American, Civil Rights/Human Rights, History",2 parts: Blacks in the Laws; tribute to George Page,,Saleable,,,,,,,S:StaffAnalog Archive Project_final10inchreel,,,"big hole loose wind, popped strands",5/9/2016,,1003979,BAVC barcode,,
9,KBOO 25th Anniversary: Original Interview with Michael,,,digitized 5/9/2016 BAVC,KBOO Archives Room,,1/4 inch audio tape,,kboo_10-0391t4_19930912_OriginalInterviewwithMicheal.mp3,kboo_10-0391t4_19930912_OriginalInterviewwithMicheal.wav,1.54 GB,stereo,wav,96 kHz,24 bits,d4c4db7589531b9a41d1400386892f2f,md5,10-0391t4,1993-09-12,,,,KBOO history,,Saleable,,,,,,,S:StaffAnalog Archive Project_final10inchreel,,,big hole,5/9/2016,noise from edits throughout. 24:48 - noise 31:18 - noise from edit 40:53 - Audio levels drop for 20 sec. approx. 41:28 - noise from edit,1003977,BAVC barcode,,
8,"KBOO 25th Anniversary: Walt, Curtis, and Roger Ferguson",,,digitized 5/2/2016 BAVC,KBOO Archives Room,,1/4 inch audio tape,,kboo_10-0391t3_19930912_WaltAndRoger.mp3,kboo_10-0391t3_19930912_WaltAndRoger.wav,1.58 GB,stereo,wav,96 kHz,24 bits,3098ee1bd89435ca1e19be487d1d0e8a,md5,10-0391t3,1993-09-12,,,,KBOO history,,Saleable,,,,,,,S:StaffAnalog Archive Project_final10inchreel,,,big hole,5/2/2016,,1003976,BAVC barcode,,
7,"KBOO 25th Anniversary: Mary, Michael, Carol",,,digitized 5/2/2016 BAVC,KBOO Archives Room,,1/4 inch audio tape,,kboo_10-0391t2_19930912_MaryMichaelCarol.mp3,kboo_10-0391t2_19930912_MaryMichaelCarol.wav,2.15 GB,stereo,wav,96 kHz,24 bits,872fbf5afbef5b59ff4ad84819e6667b,md5,10-0391t2,1993-09-12,,,,KBOO history,,Saleable,,,,,,,S:StaffAnalog Archive Project_final10inchreel,,,big hole,5/2/2016,,1003974,BAVC barcode,,
6,"KBOO 25th Anniversary: Mary, Michael, Carol",,,digitized 5/4/2016 BAVC,KBOO Archives Room,,1/4 inch audio tape,,kboo_10-0391t1_19930912_MaryMichaelCarol.mp3,kboo_10-0391t1_19930912_MaryMichaelCarol.wav,1.33 GB,stereo,wav,96 kHz,24 bits,5da83371aec7981bb4a0291e4a4fdd33,md5,10-0391t1,1993-09-12,unknown,,"History, Media",KBOO history,,Saleable,,,,,,,S:StaffAnalog Archive Project_final10inchreel,,,"loose, uneven wind, popped strands big hole white substance on tape",5/4/2016,added leader to both sides Some audio distortion,1003973,BAVC barcode,,
5,"KBOO 25th Anniversary: Gray, Pue, and Andy Simon",,,digitized 5/2/2016 BAVC,KBOO Archives Room,,1/4 inch audio tape,,kboo_10-0390t2_19930913_GrayAndPueAndAndy.mp3,kboo_10-0390t2_19930913_GrayAndPueAndAndy.wav,2.44 GB,stereo,wav,96 kHz,24 bits,671d7e577d318db4232d22fe6541888b,md5,10-0390t2,1993-09-13,asset recorded,Gray Haertig (Interviewee),"History, Media",KBOO history. Gray Haertig is a KBOO engineer.,,Saleable,,,,,,,S:StaffAnalog Archive Project_final10inchreel,,,big hole.,2016-05-92,01:06:36 - Audio drops out for 53 sec. approx.,1003975,BAVC barcode,,
4,KBOO 25th Anniversary: Gray and Pue,,,digitized 5/2/2016 BAVC,KBOO Archives Room,,1/4 inch audio tape,,kboo_10-0390t1_19930913_GrayAndPue.mp3,kboo_10-0390t1_19930913_GrayAndPue.wav,2.17 GB,stereo,wav,96 kHz,24 bits,eaba7398eaae1c13dee4f557e00866a4,md5,10-0390t1,1993-09-13,asset recorded,Gray Haertig (Interviewee),,KBOO history. Gray Haertig is a KBOO engineer. Gray Hastig & Pue (Robert Rogers). KBOO radio engineers reminisce. Gray 9/68 @ KBOO. Previously at KRAB w/ Dawson & Calhoun,,Saleable,,,,,,,S:StaffAnalog Archive Project_final10inchreel,,,"loose, uneven wind, popped strands big hole tails out.",5/2/2016,,1003972,BAVC barcode,,
3,KBOO 25th Anniversary: Remembering KBOO,,,digitized 5/4/2016 BAVC,KBOO Archives Room,,1/4 inch audio tape,,kboo_10-0389t2_19930915_RememberKBOO.mp3,kboo_10-0389t2_19930915_RememberKBOO.wav,2.19 GB,stereo,wav,96 kHz,24 bits,bd5ab4ac13129a70e959aba21e7ceca8,md5,10-0389t2,1993-09-15,asset recorded,,,KBOO history,,Saleable,,,,Master,,,S:StaffAnalog Archive Project_final10inchreel,,,"loose, uneven wind, popped strands big hole tails out.",5/4/2016,"various points of noise/messed up audio throughout got the best transfer out of tape that I could, 02:43 - noise 06:11 - break in audio 13:38 - noise 15:12 - noise 18:01 - noise 23:53 - noise 50:29 - break in audio 60:52 - noise 61:06 - noise 61:28 - noise 61:34 - noise 62:13 - noise 62:31 - noise 66:12 - noise",1003971,BAVC barcode,,
2,KBOO 25th Anniversary: Remembering KBOO,,,digitized 4/27/2016 BAVC,KBOO Archives Room,,1/4 inch audio tape,02:08:00,kboo_10-0389t1_19930915_25thAnnivRemembering.mp3,kboo_10-0389t1_19930915_25thAnnivRemembering.wav,2.56 GB,stereo,wav,96 kHz,24 bits,4eb44e008cb2436e9615f9ae9f40b78f,md5,10-0389t1,1993-09-15,asset recorded,,"History, Media",KBOO history,,Saleable,,,,Master,,,S:StaffAnalog Archive Project_final10inchreel,,,"loose, uneven wind, popped strands big hole.",4/27/2016,"tape from splices very gooey, had to clean through all of splices recorded at 15ips, slowed to 7.5ips in post",1003970,BAVC barcode,,
1,test audio,,,,,,,,,,,,,,,,,,,,,,,,,,,,,,,,,,,,,,,,
